unique_member_code,first_name,last_name,full_name,party_end_date,party_start_date,party,party_code,membership_end_date,membership_start_date,committee_1_expiry_type,committee_1_name_end_date,committee_1_name_start_date,committee_1_name_en,committee_1_status,committee_1_main_status,committee_1_end_date,committee_1_start_date,committee_1_type,committee_1_member_end_date,committee_1_member_start_date,committee_2_expiry_type,committee_2_name_end_date,committee_2_name_start_date,committee_2_name_en,committee_2_status,committee_2_main_status,committee_2_end_date,committee_2_start_date,committee_2_type,committee_2_member_end_date,committee_2_member_start_date,committee_3_expiry_type,committee_3_name_end_date,committee_3_name_start_date,committee_3_name_en,committee_3_status,committee_3_main_status,committee_3_end_date,committee_3_start_date,committee_3_type,committee_3_member_end_date,committee_3_member_start_date,committee_4_expiry_type,committee_4_name_end_date,committee_4_name_start_date,committee_4_name_en,committee_4_status,committee_4_main_status,committee_4_end_date,committee_4_start_date,committee_4_type,committee_4_member_end_date,committee_4_member_start_date,committee_5_expiry_type,committee_5_name_end_date,committee_5_name_start_date,committee_5_name_en,committee_5_status,committee_5_main_status,committee_5_type,committee_5_end_date,committee_5_start_date,committee_5_member_end_date,committee_5_member_start_date,committee_6_expiry_type,member_memberships_0_membership_committees_5_houseCode,committee_6_name_end_date,committee_6_name_start_date,committee_6_name_en,committee_6_status,committee_6_main_status,committee_6_type,member_memberships_0_membership_committees_5_houseNo,committee_6_end_date,committee_6_start_date,committee_6_member_end_date,committee_6_member_start_date,committee_6_role_end_date,committee_6_role_start_date,committee_6_role_title,constituency_code,constituency_name,dail_code,dail_chamber_type,dail_term,dail_number,date_of_death,committee_1_alt_name_end_date,committee_1_alt_name_start_date,committee_1_alt_name_en,committee_1_role_end_date,committee_1_role_start_date,committee_1_role_title,committee_2_role_end_date,committee_2_role_start_date,committee_2_role_title,committee_3_role_end_date,committee_3_role_start_date,committee_3_role_title,committee_7_expiry_type,member_memberships_0_membership_committees_6_houseCode,committee_7_name_end_date,committee_7_name_start_date,committee_7_name_en,committee_7_status,committee_7_main_status,committee_7_type,member_memberships_0_membership_committees_6_houseNo,committee_7_end_date,committee_7_start_date,committee_7_member_end_date,committee_7_member_start_date,committee_8_expiry_type,member_memberships_0_membership_committees_7_houseCode,committee_8_name_end_date,committee_8_name_start_date,committee_8_name_en,committee_8_status,committee_8_main_status,committee_8_type,member_memberships_0_membership_committees_7_houseNo,committee_8_end_date,committee_8_start_date,committee_8_member_end_date,committee_8_member_start_date,committee_4_role_end_date,committee_4_role_start_date,committee_4_role_title,party_1_end_date,party_1_start_date,party_1_name,party_1_code,office_1_end_date,office_1_start_date,office_1_name,committee_2_alt_name_end_date,committee_2_alt_name_start_date,committee_2_alt_name_en,ministerial_office,year_elected
Garret-Ahearn.S.2020-03-30,Garret,Ahearn,Garret Ahearn,,2025-01-29,Fine Gael,Fine_Gael,,2025-01-29,Standing,,2025-01-29 00:00:00+00:00,Committee on Parliamentary Privileges and Oversight (Seanad Éireann),Live - Primary,Live,,2025-02-12 00:00:00+00:00,Parliamentary Regulation and Reform,,2025-02-26 00:00:00+00:00,Standing,,2025-01-29 00:00:00+00:00,Committee of Selection (Seanad Éireann),Live - Primary,Live,,2025-02-12 00:00:00+00:00,Parliamentary Business and Committee Membership,,2025-02-26 00:00:00+00:00,Standing,,2025-07-09 00:00:00+00:00,Seanad Select Committee on EU Scrutiny and Transparency,Live - Primary,Live,,2025-07-08 00:00:00+00:00,Policy,,2025-10-21 00:00:00+00:00,Sessional,,2025-10-23 00:00:00+00:00,Seanad Public Consultation Committee,Live - Primary,Live,,2025-10-22 00:00:00+00:00,Consultative,,2025-11-20 00:00:00+00:00,Sessional,,2025-05-01 00:00:00+00:00,"Joint Committee on Arts, Media, Communications, Culture and Sport",Live - Primary,Live,Shadow Department,,2025-05-07 00:00:00+00:00,,2025-05-13 00:00:00+00:00,Sessional,dail,,2025-05-01 00:00:00+00:00,Joint Committee on Foreign Affairs and Trade,Live - Primary,Live,Shadow Department,34.0,,2025-05-07 00:00:00+00:00,,2025-05-13 00:00:00+00:00,,2025-05-20 00:00:00+00:00,Leas-Chathaoirleach,Administrative-Panel,Administrative Panel,seanad,house,27th Seanad,27,,,,,,,,,,,,,,,,,,,,,,,,,,,,,,,,,,,,,,,,,,,,,,,,,,,,,false,2020
Chris-Andrews.D.2007-06-14,Chris,Andrews,Chris Andrews,,2025-01-29,Sinn Féin,Sinn_Féin,,2025-01-29,Standing transitional,,2025-03-28 00:00:00+00:00,Seanad Select Committee on Subsidiarity (European Union Legislative Scrutiny),Dissolved,Dissolved,2025-05-13 00:00:00+00:00,2025-03-27 00:00:00+00:00,Shadow Department,2025-05-13 00:00:00+00:00,2025-04-02 00:00:00+00:00,Standing,,2025-01-29 00:00:00+00:00,Committee on Members' Interests of Seanad Éireann,Live - Primary,Live,,2025-02-12 00:00:00+00:00,Statutory,,2025-05-13 00:00:00+00:00,Sessional,,2025-05-01 00:00:00+00:00,Joint Committee on European Union Affairs,Live - Primary,Live,,2025-05-13 00:00:00+00:00,Shadow Department,,2025-05-13 00:00:00+00:00,Standing,,2025-01-29 00:00:00+00:00,Joint Committee on Public Petitions and the Ombudsmen,Live - Primary,Live,,2025-02-12 00:00:00+00:00,Oversight,,2025-05-13 00:00:00+00:00,,,,,,,,,,,,,,,,,,,,,,,,,,,,Labour-Panel,Labour Panel,seanad,house,27th Seanad,27,,,,,,,,,,,,,,,,,,,,,,,,,,,,,,,,,,,,,,,,,,,,,,,,,,,,,false,2007
Frances-Black.S.2016-04-25,Frances,Black,Frances Black,,2025-01-29,Independent,Independent,,2025-01-29,Sessional,,2025-10-23 00:00:00+00:00,Seanad Public Consultation Committee,Live - Primary,Live,,2025-10-22 00:00:00+00:00,Consultative,,2025-11-20 00:00:00+00:00,Sessional,,2025-05-01 00:00:00+00:00,Joint Committee on the Implementation of the Good Friday Agreement ,Live - Primary,Live,,2025-05-12 00:00:00+00:00,Shadow Department,,2025-05-13 00:00:00+00:00,,,,,,,,,,,,,,,,,,,,,,,,,,,,,,,,,,,,,,,,,,,,,,,,,,Industrial-and-Commercial-Panel,Industrial and Commercial Panel,seanad,house,27th Seanad,27,,,,,,,,,,,,,,,,,,,,,,,,,,,,,,,,,,,,,,,,,,,,,,,,,,,,,false,2016
Niall-Blaney.D.2002-06-06,Niall,Blaney,Niall Blaney,,2025-01-29,Fianna Fáil,Fianna_Fáil,,2025-01-29,Sessional,,2025-05-01 00:00:00+00:00,Joint Committee on the Implementation of the Good Friday Agreement ,Live - Primary,Live,,2025-05-12 00:00:00+00:00,Shadow Department,,2025-05-13 00:00:00+00:00,Sessional,,2025-05-01 00:00:00+00:00,Joint Committee on Fisheries and Maritime Affairs,Live - Primary,Live,,2025-05-07 00:00:00+00:00,Shadow Department,,2025-05-13 00:00:00+00:00,,,,,,,,,,,,,,,,,,,,,,,,,,,,,,,,,,,,,,,,,,,,,,,,,,Agricultural-Panel,Agricultural Panel,seanad,house,27th Seanad,27,,,,,,,,,,,,,,,,,,,,,,,,,,,,,,,,,,,,,,,,,,,,,,,,,,,,,false,2002
Victor-Boyhan.S.2016-04-25,Victor,Boyhan,Victor Boyhan,,2025-01-29,Independent,Independent,,2025-01-29,Standing,,2025-07-09 00:00:00+00:00,Seanad Select Committee on EU Scrutiny and Transparency,Live - Primary,Live,,2025-07-08 00:00:00+00:00,Policy,,2025-10-21 00:00:00+00:00,Standing,,2025-01-29 00:00:00+00:00,Committee of Selection (Seanad Éireann),Live - Primary,Live,,2025-02-12 00:00:00+00:00,Parliamentary Business and Committee Membership,,2025-02-26 00:00:00+00:00,Sessional,,2025-05-01 00:00:00+00:00,Joint Committee on Fisheries and Maritime Affairs,Live - Primary,Live,,2025-05-07 00:00:00+00:00,Shadow Department,2025-06-25 00:00:00+00:00,2025-05-13 00:00:00+00:00,Sessional,,2025-05-01 00:00:00+00:00,Joint Committee on Agriculture and Food,Live - Primary,Live,,2025-05-07 00:00:00+00:00,Shadow Department,,2025-05-13 00:00:00+00:00,,,,,,,,,,,,,,,,,,,,,,,,,,,,Agricultural-Panel,Agricultural Panel,seanad,house,27th Seanad,27,,,,,,,,,,,,,,,,,,,,,,,,,,,,,,,,,,,,,,,,,,,,,,,,,,,,,false,2016
Manus-Boyle.S.2025-01-29,Manus,Boyle,Manus Boyle,,2025-01-29,Fine Gael,Fine_Gael,,2025-01-29,Sessional,,2025-05-01 00:00:00+00:00,Joint Committee on Fisheries and Maritime Affairs,Live - Primary,Live,,2025-05-07 00:00:00+00:00,Shadow Department,,2025-05-13 00:00:00+00:00,Sessional,,2025-05-01 00:00:00+00:00,Joint Committee on Health,Live - Primary,Live,,2025-05-13 00:00:00+00:00,Shadow Department,,2025-05-13 00:00:00+00:00,,,,,,,,,,,,,,,,,,,,,,,,,,,,,,,,,,,,,,,,,,,,,,,,,,Nominated-by-the-Taoiseach,Nominated by the Taoiseach,seanad,house,27th Seanad,27,,,,,,,,,,,,,,,,,,,,,,,,,,,,,,,,,,,,,,,,,,,,,,,,,,,,,false,2025
Nikki-Bradley.S.2024-07-10,Nikki,Bradley,Nikki Bradley,,2025-01-29,Fine Gael,Fine_Gael,,2025-01-29,Sessional,,2025-05-01 00:00:00+00:00,Joint Committee on Children and Equality,Live - Primary,Live,,2025-05-13 00:00:00+00:00,Shadow Department,,2025-05-13 00:00:00+00:00,Sessional,,2025-05-01 00:00:00+00:00,Joint Committee on Disability Matters,Live - Primary,Live,,2025-05-13 00:00:00+00:00,Shadow Department,,2025-05-13 00:00:00+00:00,,,,,,,,,,,,,,,,,,,,,,,,,,,,,,,,,,,,,,,,,,,,,,,,,,Nominated-by-the-Taoiseach,Nominated by the Taoiseach,seanad,house,27th Seanad,27,,,2025-05-01 00:00:00+00:00,Joint Committee on Children and Equality,,,,,,,,,,,,,,,,,,,,,,,,,,,,,,,,,,,,,,,,,,,,,,,,,false,2024
Paraic-Brady.S.2025-01-29,Paraic,Brady,Paraic Brady,,2025-01-29,Fine Gael,Fine_Gael,,2025-01-29,Standing,,2025-01-29 00:00:00+00:00,Joint Committee on Public Petitions and the Ombudsmen,Live - Primary,Live,,2025-02-12 00:00:00+00:00,Oversight,,2025-05-13 00:00:00+00:00,Sessional,,2025-05-01 00:00:00+00:00,Joint Committee on Agriculture and Food,Live - Primary,Live,,2025-05-07 00:00:00+00:00,Shadow Department,,2025-05-13 00:00:00+00:00,,,,,,,,,,,,,,,,,,,,,,,,,,,,,,,,,,,,,,,,,,,,,,,,,,Agricultural-Panel,Agricultural Panel,seanad,house,27th Seanad,27,,,,,,,,,,,,,,,,,,,,,,,,,,,,,,,,,,,,,,,,,,,,,,,,,,,,,false,2025
Cathal-Byrne.S.2025-01-29,Cathal,Byrne,Cathal Byrne,,2025-01-29,Fine Gael,Fine_Gael,,2025-01-29,Standing,,2025-01-29 00:00:00+00:00,Committee on Parliamentary Privileges and Oversight (Seanad Éireann),Live - Primary,Live,,2025-02-12 00:00:00+00:00,Parliamentary Regulation and Reform,,2026-07-02 00:00:00+00:00,Sessional,,2025-10-23 00:00:00+00:00,Seanad Public Consultation Committee,Live - Primary,Live,,2025-10-22 00:00:00+00:00,Consultative,,2025-11-20 00:00:00+00:00,Sessional,,2025-05-01 00:00:00+00:00,"Joint Committee on Finance, Public Expenditure, Public Service Reform and Digitalisation, and Taoiseach",Live - Primary,Live,,2025-05-07 00:00:00+00:00,Shadow Department,,2025-05-13 00:00:00+00:00,Sessional,,2025-05-01 00:00:00+00:00,Joint Committee on Infrastructure and National Development Plan Delivery,Live - Primary,Live,,2025-05-07 00:00:00+00:00,Shadow Department,,2025-05-13 00:00:00+00:00,,,,,,,,,,,,,,,,,,,,,,,,,,,,Cultural-and-Educational-Panel,Cultural and Educational Panel,seanad,house,27th Seanad,27,,,,,,,,,,,,,,,,,,,,,,,,,,,,,,,,,,,,,,,,,,,,,,,,,,,,,false,2025
Maria-Byrne.S.2016-04-25,Maria,Byrne,Maria Byrne,,2025-01-29,Fine Gael,Fine_Gael,,2025-01-29,Standing,,2025-01-29 00:00:00+00:00,Committee on Parliamentary Privileges and Oversight (Seanad Éireann),Live - Primary,Live,,2025-02-12 00:00:00+00:00,Parliamentary Regulation and Reform,,2025-02-26 00:00:00+00:00,Standing,,2025-01-29 00:00:00+00:00,Committee of Selection (Seanad Éireann),Live - Primary,Live,,2025-02-12 00:00:00+00:00,Parliamentary Business and Committee Membership,,2025-02-26 00:00:00+00:00,Sessional,,2025-10-23 00:00:00+00:00,Seanad Public Consultation Committee,Live - Primary,Live,,2025-10-22 00:00:00+00:00,Consultative,,2025-10-22 00:00:00+00:00,Sessional,,2025-05-01 00:00:00+00:00,Joint Committee on Disability Matters,Live - Primary,Live,,2025-05-13 00:00:00+00:00,Shadow Department,,2025-05-13 00:00:00+00:00,Standing,,2025-01-29 00:00:00+00:00,Working Group of Committee Cathaoirligh,Live - Primary,Live,The Committee System and Parliamentary Administration,,2025-02-12 00:00:00+00:00,,2025-05-12 00:00:00+00:00,Sessional,dail,,2025-05-01 00:00:00+00:00,Joint Committee on Key Issues Affecting the Traveller Community,Live - Primary,Live,Policy,34.0,,2025-05-12 00:00:00+00:00,,2025-05-13 00:00:00+00:00,,,,Agricultural-Panel,Agricultural Panel,seanad,house,27th Seanad,27,,,,,,2025-02-26 00:00:00+00:00,Leas-Chathaoirleach,,2025-02-26 00:00:00+00:00,Cathaoirleach,,2025-10-22 00:00:00+00:00,Cathaoirleach,Sessional,dail,,2025-05-01 00:00:00+00:00,Joint Committee on Health,Live - Primary,Live,Shadow Department,34.0,,2025-05-13 00:00:00+00:00,,2025-05-13 00:00:00+00:00,,,,,,,,,,,,,,,,,,,,,,,,,,,false,2016
Pat-Casey.D.2016-10-03,Pat,Casey,Pat Casey,,2025-01-29,Fianna Fáil,Fianna_Fáil,,2025-01-29,Standing transitional,,2025-03-28 00:00:00+00:00,Seanad Select Committee on Subsidiarity (European Union Legislative Scrutiny),Dissolved,Dissolved,2025-05-13 00:00:00+00:00,2025-03-27 00:00:00+00:00,Shadow Department,2025-05-13 00:00:00+00:00,2025-04-02 00:00:00+00:00,Standing,,2025-07-09 00:00:00+00:00,Seanad Select Committee on EU Scrutiny and Transparency,Live - Primary,Live,,2025-07-08 00:00:00+00:00,Policy,,2025-10-21 00:00:00+00:00,Sessional,,2025-10-23 00:00:00+00:00,Seanad Public Consultation Committee,Live - Primary,Live,,2025-10-22 00:00:00+00:00,Consultative,,2025-11-20 00:00:00+00:00,Standing,,2025-01-29 00:00:00+00:00,Committee on Parliamentary Privileges and Oversight (Seanad Éireann),Live - Primary,Live,,2025-02-12 00:00:00+00:00,Parliamentary Regulation and Reform,,2025-02-26 00:00:00+00:00,Standing,,2025-01-29 00:00:00+00:00,Committee of Selection (Seanad Éireann),Live - Primary,Live,Parliamentary Business and Committee Membership,,2025-02-12 00:00:00+00:00,,2025-02-26 00:00:00+00:00,Standing,dail,,2025-01-29 00:00:00+00:00,Working Group of Committee Cathaoirligh,Live - Primary,Live,The Committee System and Parliamentary Administration,34.0,,2025-02-12 00:00:00+00:00,2025-05-11 00:00:00+00:00,2025-04-03 00:00:00+00:00,,,,Labour-Panel,Labour Panel,seanad,house,27th Seanad,27,,,,,2025-05-13 00:00:00+00:00,2025-04-03 00:00:00+00:00,Cathaoirleach,,,,,,,Sessional,dail,,2025-05-01 00:00:00+00:00,"Joint Committee on Finance, Public Expenditure, Public Service Reform and Digitalisation, and Taoiseach",Live - Primary,Live,Shadow Department,34.0,,2025-05-07 00:00:00+00:00,,2025-05-13 00:00:00+00:00,Sessional,dail,,2025-05-01 00:00:00+00:00,"Joint Committee on Housing, Local Government and Heritage",Live - Primary,Live,Shadow Department,34.0,,2025-05-07 00:00:00+00:00,,2025-05-13 00:00:00+00:00,,,,,,,,,,,,,,false,2016
Lorraine-Clifford-Lee.S.2016-04-25,Lorraine,Clifford-Lee,Lorraine Clifford-Lee,,2025-01-29,Fianna Fáil,Fianna_Fáil,,2025-01-29,Standing transitional,,2025-03-28 00:00:00+00:00,Seanad Select Committee on Subsidiarity (European Union Legislative Scrutiny),Dissolved,Dissolved,2025-05-13 00:00:00+00:00,2025-03-27 00:00:00+00:00,Shadow Department,2025-05-13 00:00:00+00:00,2025-04-02 00:00:00+00:00,Standing,,2025-01-29 00:00:00+00:00,Committee on Members' Interests of Seanad Éireann,Live - Primary,Live,,2025-02-12 00:00:00+00:00,Statutory,,2025-05-13 00:00:00+00:00,Standing,,2025-01-29 00:00:00+00:00,Working Group of Committee Cathaoirligh,Live - Primary,Live,,2025-02-12 00:00:00+00:00,The Committee System and Parliamentary Administration,,2025-07-10 00:00:00+00:00,Sessional,,2025-05-01 00:00:00+00:00,"Joint Committee on Climate, Environment and Energy",Live - Primary,Live,,2025-05-13 00:00:00+00:00,Shadow Department,,2025-05-13 00:00:00+00:00,Sessional,,2025-05-01 00:00:00+00:00,Joint Committee on Transport,Live - Primary,Live,Shadow Department,,2025-05-13 00:00:00+00:00,,2025-05-13 00:00:00+00:00,,,,,,,,,,,,,,,,,Nominated-by-the-Taoiseach,Nominated by the Taoiseach,seanad,house,27th Seanad,27,,,,,,,,,2025-07-10 00:00:00+00:00,Cathaoirleach,,,,,,,,,,,,,,,,,,,,,,,,,,,,,,,2025-05-28 00:00:00+00:00,Leas-Chathaoirleach,,,,,,,,,,,false,2016
Tom-Clonan.S.2022-04-04,Tom,Clonan,Tom Clonan,,2025-01-29,Independent,Independent,,2025-01-29,Sessional,,2025-05-01 00:00:00+00:00,Joint Committee on Defence and National Security,Live - Primary,Live,,2025-05-13 00:00:00+00:00,Shadow Department,,2025-05-13 00:00:00+00:00,Sessional,,2025-05-01 00:00:00+00:00,Joint Committee on Disability Matters,Live - Primary,Live,,2025-05-13 00:00:00+00:00,Shadow Department,,2025-05-13 00:00:00+00:00,Sessional,,2025-05-01 00:00:00+00:00,Joint Committee on Health,Live - Primary,Live,,2025-05-13 00:00:00+00:00,Shadow Department,,2025-05-13 00:00:00+00:00,,,,,,,,,,,,,,,,,,,,,,,,,,,,,,,,,,,,,,,University-of-Dublin,University of Dublin,seanad,house,27th Seanad,27,,,,,,,,,,,,,,,,,,,,,,,,,,,,,,,,,,,,,,,,,,,,,,,,,,,,,false,2022
Joanne-Collins.S.2025-01-29,Joanne,Collins,Joanne Collins,,2025-01-29,Sinn Féin,Sinn_Féin,,2025-01-29,Sessional,,2025-05-01 00:00:00+00:00,Joint Committee on Agriculture and Food,Live - Primary,Live,,2025-05-07 00:00:00+00:00,Shadow Department,,2025-05-13 00:00:00+00:00,Sessional,,2025-05-01 00:00:00+00:00,Joint Committee on Transport,Live - Primary,Live,,2025-05-13 00:00:00+00:00,Shadow Department,,2025-05-13 00:00:00+00:00,,,,,,,,,,,,,,,,,,,,,,,,,,,,,,,,,,,,,,,,,,,,,,,,,,Agricultural-Panel,Agricultural Panel,seanad,house,27th Seanad,27,,,,,,,,,,,,,,,,,,,,,,,,,,,,,,,,,,,,,,,,,,,,,,,,,,,,,false,2025
Alison-Comyn.S.2025-01-29,Alison,Comyn,Alison Comyn,,2025-01-29,Fianna Fáil,Fianna_Fáil,,2025-01-29,Sessional,,2025-05-01 00:00:00+00:00,"Joint Committee on Arts, Media, Communications, Culture and Sport",Live - Primary,Live,,2025-05-07 00:00:00+00:00,Shadow Department,,2025-05-13 00:00:00+00:00,Sessional,,2025-05-01 00:00:00+00:00,Joint Committee on the Implementation of the Good Friday Agreement ,Live - Primary,Live,,2025-05-12 00:00:00+00:00,Shadow Department,,2025-05-13 00:00:00+00:00,,,,,,,,,,,,,,,,,,,,,,,,,,,,,,,,,,,,,,,,,,,,,,,,,,Nominated-by-the-Taoiseach,Nominated by the Taoiseach,seanad,house,27th Seanad,27,,,,,,,,,,,,,,,,,,,,,,,,,,,,,,,,,,,,,,,,,,,,,,,,,,,,,false,2025
Joe-Conway.S.2025-01-29,Joe,Conway,Joe Conway,,2025-01-29,Independent,Independent,,2025-01-29,Standing,,2025-01-29 00:00:00+00:00,"Comhchoiste na Gaeilge, na Gaeltachta agus Phobal Labhartha na Gaeilge",Live - Primary,Live,,2025-02-12 00:00:00+00:00,Policy,,2025-05-13 00:00:00+00:00,Sessional,,2025-05-01 00:00:00+00:00,Joint Committee on Education and Youth,Live - Primary,Live,,2025-05-13 00:00:00+00:00,Shadow Department,,2025-05-13 00:00:00+00:00,,,,,,,,,,,,,,,,,,,,,,,,,,,,,,,,,,,,,,,,,,,,,,,,,,Cultural-and-Educational-Panel,Cultural and Educational Panel,seanad,house,27th Seanad,27,,,,,,,,,,,,,,,,,,,,,,,,,,,,,,,,,,,,,,,,,,,,,,,,,,,,,false,2025
Martin-Conway.S.2011-05-25,Martin,Conway,Martin Conway,2025-02-09,2025-01-29,Fine Gael,Fine_Gael,,2025-01-29,,,,,,,,,,,,,,,,,,,,,,,,,,,,,,,,,,,,,,,,,,,,,,,,,,,,,,,,,,,,,,,,,,,,,,,,Administrative-Panel,Administrative Panel,seanad,house,27th Seanad,27,,,,,,,,,,,,,,,,,,,,,,,,,,,,,,,,,,,,,,,,,,,,2025-02-09,Independent,Independent,,,,,,,false,2011
Nessa-Cosgrove.S.2025-01-29,Nessa,Cosgrove,Nessa Cosgrove,,2025-01-29,Labour Party,Labour_Party,,2025-01-29,Sessional,,2025-05-01 00:00:00+00:00,Joint Committee on Children and Equality,Live - Primary,Live,,2025-05-13 00:00:00+00:00,Shadow Department,,2025-05-13 00:00:00+00:00,Sessional,,2025-05-01 00:00:00+00:00,Joint Committee on Transport,Live - Primary,Live,,2025-05-13 00:00:00+00:00,Shadow Department,,2025-05-13 00:00:00+00:00,,,,,,,,,,,,,,,,,,,,,,,,,,,,,,,,,,,,,,,,,,,,,,,,,,Labour-Panel,Labour Panel,seanad,house,27th Seanad,27,,,2025-05-01 00:00:00+00:00,Joint Committee on Children and Equality,,,,,,,,,,,,,,,,,,,,,,,,,,,,,,,,,,,,,,,,,,,,,,,,,false,2025
Teresa-Costello.S.2025-01-29,Teresa,Costello,Teresa Costello,,2025-01-29,Fianna Fáil,Fianna_Fáil,,2025-01-29,Sessional,,2025-05-01 00:00:00+00:00,Joint Committee on Health,Live - Primary,Live,,2025-05-13 00:00:00+00:00,Shadow Department,,2025-05-13 00:00:00+00:00,Special,,2025-05-01 00:00:00+00:00,Joint Committee on Drugs Use,Dissolved,Dissolved,2026-06-24 00:00:00+00:00,2025-05-13 00:00:00+00:00,Policy,2026-06-24 00:00:00+00:00,2025-05-13 00:00:00+00:00,,,,,,,,,,,,,,,,,,,,,,,,,,,,,,,,,,,,,,,,,,,,,,,,,,Agricultural-Panel,Agricultural Panel,seanad,house,27th Seanad,27,,,,,,,,,,,,,,,,,,,,,,,,,,,,,,,,,,,,,,,,,,,,,,,,,,,,,false,2025
Gerard-P-Craughwell.S.2014-10-10,Gerard P.,Craughwell,Gerard P. Craughwell,,2025-01-29,Independent,Independent,,2025-01-29,Sessional,,2025-10-23 00:00:00+00:00,Seanad Public Consultation Committee,Live - Primary,Live,,2025-10-22 00:00:00+00:00,Consultative,,2025-11-20 00:00:00+00:00,Standing transitional,,2025-03-28 00:00:00+00:00,Seanad Select Committee on Subsidiarity (European Union Legislative Scrutiny),Dissolved,Dissolved,2025-05-13 00:00:00+00:00,2025-03-27 00:00:00+00:00,Shadow Department,2025-05-13 00:00:00+00:00,2025-04-02 00:00:00+00:00,Sessional,,2025-05-01 00:00:00+00:00,Joint Committee on Fisheries and Maritime Affairs,Live - Primary,Live,,2025-05-07 00:00:00+00:00,Shadow Department,2026-07-08 00:00:00+00:00,2025-05-13 00:00:00+00:00,Sessional,,2025-05-01 00:00:00+00:00,Joint Committee on Defence and National Security,Live - Primary,Live,,2025-05-13 00:00:00+00:00,Shadow Department,,2025-05-13 00:00:00+00:00,,,,,,,,,,,,,,,,,,,,,,,,,,,,Labour-Panel,Labour Panel,seanad,house,27th Seanad,27,,,,,,,,,,,,,,,,,,,,,,,,,,,,,,,,,,,,,,,,,,,,,,,,,,,,,false,2014
Ollie-Crowe.S.2020-03-30,Ollie,Crowe,Ollie Crowe,,2025-01-29,Fianna Fáil,Fianna_Fáil,,2025-01-29,Sessional,,2025-05-01 00:00:00+00:00,"Joint Committee on Enterprise, Tourism and Employment",Live - Primary,Live,,2025-05-13 00:00:00+00:00,Shadow Department,,2025-05-13 00:00:00+00:00,Sessional,,2025-05-01 00:00:00+00:00,Joint Committee on Infrastructure and National Development Plan Delivery,Live - Primary,Live,,2025-05-07 00:00:00+00:00,Shadow Department,,2025-05-13 00:00:00+00:00,,,,,,,,,,,,,,,,,,,,,,,,,,,,,,,,,,,,,,,,,,,,,,,,,,Industrial-and-Commercial-Panel,Industrial and Commercial Panel,seanad,house,27th Seanad,27,,,,,,,,,,,,,,,,,,,,,,,,,,,,,,,,,,,,,,,,,,,,,,,,,,,,,false,2020
Shane-Curley.S.2025-01-29,Shane,Curley,Shane Curley,,2025-01-29,Fianna Fáil,Fianna_Fáil,,2025-01-29,Sessional,,2025-05-01 00:00:00+00:00,Joint Committee on Education and Youth,Live - Primary,Live,,2025-05-13 00:00:00+00:00,Shadow Department,,2025-05-13 00:00:00+00:00,Standing,,2025-01-29 00:00:00+00:00,"Comhchoiste na Gaeilge, na Gaeltachta agus Phobal Labhartha na Gaeilge",Live - Primary,Live,,2025-02-12 00:00:00+00:00,Policy,,2025-05-13 00:00:00+00:00,,,,,,,,,,,,,,,,,,,,,,,,,,,,,,,,,,,,,,,,,,,,,,,,,,Cultural-and-Educational-Panel,Cultural and Educational Panel,seanad,house,27th Seanad,27,,,,,,,,,,,,,,,,,,,,,,,,,,,,,,,,,,,,,,,,,,,,,,,,,,,,,false,2025
Mark-Daly.S.2007-07-23,Mark,Daly,Mark Daly,,2025-01-29,Fianna Fáil,Fianna_Fáil,,2025-01-29,Standing,,2025-07-09 00:00:00+00:00,Seanad Select Committee on EU Scrutiny and Transparency,Live - Primary,Live,,2025-07-08 00:00:00+00:00,Policy,,2025-10-15 00:00:00+00:00,Standing,,2025-01-29 00:00:00+00:00,Committee on Parliamentary Privileges and Oversight (Seanad Éireann),Live - Primary,Live,,2025-02-12 00:00:00+00:00,Parliamentary Regulation and Reform,,2025-02-26 00:00:00+00:00,Standing,,2025-01-29 00:00:00+00:00,Working Group of Committee Cathaoirligh,Live - Primary,Live,,2025-02-12 00:00:00+00:00,The Committee System and Parliamentary Administration,,2025-11-12 00:00:00+00:00,,,,,,,,,,,,,,,,,,,,,,,,,,,,,,,,,,,,,,,Administrative-Panel,Administrative Panel,seanad,house,27th Seanad,27,,,,,,2025-10-15 00:00:00+00:00,Cathaoirleach,,2025-02-26 00:00:00+00:00,Cathaoirleach,,,,,,,,,,,,,,,,,,,,,,,,,,,,,,,,,,,,,,2025-02-12,Cathaoirleach,,,,false,2007
Paul-Daly.S.2016-04-25,Paul,Daly,Paul Daly,,2025-01-29,Fianna Fáil,Fianna_Fáil,,2025-01-29,Standing transitional,,2025-03-28 00:00:00+00:00,Seanad Select Committee on Subsidiarity (European Union Legislative Scrutiny),Dissolved,Dissolved,2025-05-13 00:00:00+00:00,2025-03-27 00:00:00+00:00,Shadow Department,2025-05-13 00:00:00+00:00,2025-04-02 00:00:00+00:00,Standing,,2025-01-29 00:00:00+00:00,Committee on Members' Interests of Seanad Éireann,Live - Primary,Live,,2025-02-12 00:00:00+00:00,Statutory,,2025-05-13 00:00:00+00:00,Standing,,2025-01-29 00:00:00+00:00,Committee on Parliamentary Privileges and Oversight (Seanad Éireann),Live - Primary,Live,,2025-02-12 00:00:00+00:00,Parliamentary Regulation and Reform,,2025-02-26 00:00:00+00:00,Standing,,2025-01-29 00:00:00+00:00,Committee of Selection (Seanad Éireann),Live - Primary,Live,,2025-02-12 00:00:00+00:00,Parliamentary Business and Committee Membership,,2025-02-26 00:00:00+00:00,Sessional,,2025-05-01 00:00:00+00:00,Joint Committee on Agriculture and Food,Live - Primary,Live,Shadow Department,,2025-05-07 00:00:00+00:00,,2025-05-13 00:00:00+00:00,Sessional,dail,,2025-05-01 00:00:00+00:00,"Joint Committee on Further and Higher Education, Research, Innovation and Science",Live - Primary,Live,Shadow Department,34.0,,2025-05-13 00:00:00+00:00,,2025-05-13 00:00:00+00:00,,,,Agricultural-Panel,Agricultural Panel,seanad,house,27th Seanad,27,,,,,,,,,,,,,,,,,,,,,,,,,,,,,,,,,,,,,,,,,,,,,,,,,,,,,false,2016
Aidan-Davitt.S.2016-04-25,Aidan,Davitt,Aidan Davitt,,2025-01-29,Fianna Fáil,Fianna_Fáil,,2025-01-29,Sessional,,2025-05-01 00:00:00+00:00,Joint Committee on Infrastructure and National Development Plan Delivery,Live - Primary,Live,,2025-05-07 00:00:00+00:00,Shadow Department,,2025-05-13 00:00:00+00:00,Sessional,,2025-05-01 00:00:00+00:00,Joint Committee on European Union Affairs,Live - Primary,Live,,2025-05-13 00:00:00+00:00,Shadow Department,,2025-05-13 00:00:00+00:00,,,,,,,,,,,,,,,,,,,,,,,,,,,,,,,,,,,,,,,,,,,,,,,,,,Industrial-and-Commercial-Panel,Industrial and Commercial Panel,seanad,house,27th Seanad,27,,,,,,,,,2025-05-28 00:00:00+00:00,Leas-Chathaoirleach,,,,,,,,,,,,,,,,,,,,,,,,,,,,,,,,,,,,,,,,,,,false,2016
Mark-Duffy.S.2025-01-29,Mark,Duffy,Mark Duffy,,2025-01-29,Fine Gael,Fine_Gael,,2025-01-29,Sessional,,2025-05-01 00:00:00+00:00,"Joint Committee on Climate, Environment and Energy",Live - Primary,Live,,2025-05-13 00:00:00+00:00,Shadow Department,,2025-05-13 00:00:00+00:00,Sessional,,2025-05-01 00:00:00+00:00,Joint Committee on Transport,Live - Primary,Live,,2025-05-13 00:00:00+00:00,Shadow Department,,2025-05-13 00:00:00+00:00,,,,,,,,,,,,,,,,,,,,,,,,,,,,,,,,,,,,,,,,,,,,,,,,,,Labour-Panel,Labour Panel,seanad,house,27th Seanad,27,,,,,,,,,,,,,,,,,,,,,,,,,,,,,,,,,,,,,,,,,,,,,,,,,,,,,false,2025
Mary-Fitzpatrick.S.2020-06-29,Mary,Fitzpatrick,Mary Fitzpatrick,,2025-01-29,Fianna Fáil,Fianna_Fáil,,2025-01-29,Special,,2025-05-01 00:00:00+00:00,Joint Committee on Drugs Use,Dissolved,Dissolved,2026-06-24 00:00:00+00:00,2025-05-13 00:00:00+00:00,Policy,2026-06-24 00:00:00+00:00,2025-05-13 00:00:00+00:00,Sessional,,2025-05-01 00:00:00+00:00,"Joint Committee on Enterprise, Tourism and Employment",Live - Primary,Live,,2025-05-13 00:00:00+00:00,Shadow Department,,2025-05-13 00:00:00+00:00,,,,,,,,,,,,,,,,,,,,,,,,,,,,,,,,,,,,,,,,,,,,,,,,,,Industrial-and-Commercial-Panel,Industrial and Commercial Panel,seanad,house,27th Seanad,27,,,,,2026-06-24 00:00:00+00:00,2025-06-17 00:00:00+00:00,Leas-Chathaoirleach,,,,,,,,,,,,,,,,,,,,,,,,,,,,,,,,,,,,,,,,,,,,,,false,2020
Joe-Flaherty.D.2020-02-08,Joe,Flaherty,Joe Flaherty,,2025-01-29,Fianna Fáil,Fianna_Fáil,,2025-01-29,Standing,,2025-01-29 00:00:00+00:00,Joint Committee on Public Petitions and the Ombudsmen,Live - Primary,Live,,2025-02-12 00:00:00+00:00,Oversight,,2025-05-13 00:00:00+00:00,Sessional,,2025-05-01 00:00:00+00:00,"Joint Committee on Housing, Local Government and Heritage",Live - Primary,Live,,2025-05-07 00:00:00+00:00,Shadow Department,,2025-05-13 00:00:00+00:00,,,,,,,,,,,,,,,,,,,,,,,,,,,,,,,,,,,,,,,,,,,,,,,,,,Nominated-by-the-Taoiseach,Nominated by the Taoiseach,seanad,house,27th Seanad,27,,,,,,,,,,,,,,,,,,,,,,,,,,,,,,,,,,,,,,,,,,,,,,,,,,,,,false,2020
Eileen-Flynn.S.2020-06-29,Eileen,Flynn,Eileen Flynn,,2025-01-29,Independent,Independent,,2025-01-29,Sessional,,2025-05-01 00:00:00+00:00,Joint Committee on Key Issues Affecting the Traveller Community,Live - Primary,Live,,2025-05-12 00:00:00+00:00,Policy,,2025-05-13 00:00:00+00:00,Sessional,,2025-05-01 00:00:00+00:00,Joint Committee on Infrastructure and National Development Plan Delivery,Live - Primary,Live,,2025-05-07 00:00:00+00:00,Shadow Department,,2025-05-13 00:00:00+00:00,,,,,,,,,,,,,,,,,,,,,,,,,,,,,,,,,,,,,,,,,,,,,,,,,,Administrative-Panel,Administrative Panel,seanad,house,27th Seanad,27,,,,,,2025-05-29 00:00:00+00:00,Leas-Chathaoirleach,,,,,,,,,,,,,,,,,,,,,,,,,,,,,,,,,,,,,,,,,,,,,,false,2020
Robbie-Gallagher.S.2016-04-25,Robbie,Gallagher,Robbie Gallagher,,2025-01-29,Fianna Fáil,Fianna_Fáil,,2025-01-29,Sessional,,2025-05-01 00:00:00+00:00,"Joint Committee on Justice, Home Affairs and Migration",Live - Primary,Live,,2025-05-13 00:00:00+00:00,Shadow Department,,2025-05-13 00:00:00+00:00,Sessional,,2025-05-01 00:00:00+00:00,Joint Committee on Defence and National Security,Live - Primary,Live,,2025-05-13 00:00:00+00:00,Shadow Department,,2025-05-13 00:00:00+00:00,,,,,,,,,,,,,,,,,,,,,,,,,,,,,,,,,,,,,,,,,,,,,,,,,,Labour-Panel,Labour Panel,seanad,house,27th Seanad,27,,,,,,,,,,,,,,,,,,,,,,,,,,,,,,,,,,,,,,,,,,,,,,,,,,,,,false,2016
Imelda-Goldsboro.S.2025-01-29,Imelda,Goldsboro,Imelda Goldsboro,,2025-01-29,Fianna Fáil,Fianna_Fáil,,2025-01-29,Sessional,,2025-10-23 00:00:00+00:00,Seanad Public Consultation Committee,Live - Primary,Live,,2025-10-22 00:00:00+00:00,Consultative,,2025-11-20 00:00:00+00:00,Sessional,,2025-05-01 00:00:00+00:00,Joint Committee on Transport,Live - Primary,Live,,2025-05-13 00:00:00+00:00,Shadow Department,,2025-05-13 00:00:00+00:00,Sessional,,2025-05-01 00:00:00+00:00,"Joint Committee on Social Protection, Rural and Community Development",Live - Primary,Live,,2025-05-13 00:00:00+00:00,Shadow Department,,2025-05-13 00:00:00+00:00,,,,,,,,,,,,,,,,,,,,,,,,,,,,,,,,,,,,,,,Nominated-by-the-Taoiseach,Nominated by the Taoiseach,seanad,house,27th Seanad,27,,,,,,,,,,,,,,,,,,,,,,,,,,,,,,,,,,,,,,,,,,,,,,,,,,,,,false,2025
Laura-Harmon.S.2025-01-29,Laura,Harmon,Laura Harmon,,2025-01-29,Labour Party,Labour_Party,,2025-01-29,Standing,,2025-01-29 00:00:00+00:00,Committee on Parliamentary Privileges and Oversight (Seanad Éireann),Live - Primary,Live,,2025-02-12 00:00:00+00:00,Parliamentary Regulation and Reform,,2025-02-26 00:00:00+00:00,Sessional,,2025-10-23 00:00:00+00:00,Seanad Public Consultation Committee,Live - Primary,Live,,2025-10-22 00:00:00+00:00,Consultative,,2025-11-20 00:00:00+00:00,Sessional,,2025-05-01 00:00:00+00:00,Joint Committee on Disability Matters,Live - Primary,Live,,2025-05-13 00:00:00+00:00,Shadow Department,,2025-05-13 00:00:00+00:00,Sessional,,2025-05-01 00:00:00+00:00,"Joint Committee on Further and Higher Education, Research, Innovation and Science",Live - Primary,Live,,2025-05-13 00:00:00+00:00,Shadow Department,,2025-05-13 00:00:00+00:00,Special,,2025-05-01 00:00:00+00:00,Joint Committee on Artificial Intelligence,Live - Primary,Live,Policy,,2025-05-12 00:00:00+00:00,,2025-05-13 00:00:00+00:00,,,,,,,,,,,,,,,,,Industrial-and-Commercial-Panel,Industrial and Commercial Panel,seanad,house,27th Seanad,27,,,,,,,,,,,,,,,,,,,,,,,,,,,,,,,,,,,,,,,,,,,,,,,,,,,,,false,2025
Alice-Mary-Higgins.S.2016-04-25,Alice-Mary,Higgins,Alice-Mary Higgins,,2025-01-29,Independent,Independent,,2025-01-29,Standing,,2025-07-09 00:00:00+00:00,Seanad Select Committee on EU Scrutiny and Transparency,Live - Primary,Live,,2025-07-08 00:00:00+00:00,Policy,,2025-10-21 00:00:00+00:00,Standing,,2025-01-29 00:00:00+00:00,Committee on Parliamentary Privileges and Oversight (Seanad Éireann),Live - Primary,Live,,2025-02-12 00:00:00+00:00,Parliamentary Regulation and Reform,,2025-02-26 00:00:00+00:00,Standing transitional,,2025-03-28 00:00:00+00:00,Seanad Select Committee on Subsidiarity (European Union Legislative Scrutiny),Dissolved,Dissolved,2025-05-13 00:00:00+00:00,2025-03-27 00:00:00+00:00,Shadow Department,2025-05-13 00:00:00+00:00,2025-04-02 00:00:00+00:00,Sessional,,2025-05-01 00:00:00+00:00,Joint Committee on Foreign Affairs and Trade,Live - Primary,Live,,2025-05-07 00:00:00+00:00,Shadow Department,,2025-05-13 00:00:00+00:00,Sessional,,2025-05-01 00:00:00+00:00,"Joint Committee on Climate, Environment and Energy",Live - Primary,Live,Shadow Department,,2025-05-13 00:00:00+00:00,,2025-05-13 00:00:00+00:00,Sessional,dail,,2025-05-01 00:00:00+00:00,"Joint Committee on Finance, Public Expenditure, Public Service Reform and Digitalisation, and Taoiseach",Live - Primary,Live,Shadow Department,34.0,,2025-05-07 00:00:00+00:00,,2025-05-13 00:00:00+00:00,,,,National-University-of-Ireland,National University of Ireland,seanad,house,27th Seanad,27,,,,,,,,,,,,,,,,,,,,,,,,,,,,,,,,,,,,,,,,,,,,,,,,,,,,,false,2016
Garret-Kelleher.S.2025-01-29,Garret,Kelleher,Garret Kelleher,,2025-01-29,Fine Gael,Fine_Gael,,2025-01-29,Standing,,2025-07-09 00:00:00+00:00,Seanad Select Committee on EU Scrutiny and Transparency,Live - Primary,Live,,2025-07-08 00:00:00+00:00,Policy,,2025-10-21 00:00:00+00:00,Sessional,,2025-05-01 00:00:00+00:00,"Joint Committee on Justice, Home Affairs and Migration",Live - Primary,Live,,2025-05-13 00:00:00+00:00,Shadow Department,,2025-05-13 00:00:00+00:00,Sessional,,2025-05-01 00:00:00+00:00,Joint Committee on the Implementation of the Good Friday Agreement ,Live - Primary,Live,,2025-05-12 00:00:00+00:00,Shadow Department,,2025-05-13 00:00:00+00:00,,,,,,,,,,,,,,,,,,,,,,,,,,,,,,,,,,,,,,,Industrial-and-Commercial-Panel,Industrial and Commercial Panel,seanad,house,27th Seanad,27,,,,,,,,,,,,,,,,,,,,,,,,,,,,,,,,,,,,,,,,,,,,,,,,,,,,,false,2025
Mike-Kennelly.S.2025-01-29,Mike,Kennelly,Mike Kennelly,,2025-01-29,Fine Gael,Fine_Gael,,2025-01-29,Sessional,,2025-05-01 00:00:00+00:00,Joint Committee on Children and Equality,Live - Primary,Live,,2025-05-13 00:00:00+00:00,Shadow Department,,2025-05-13 00:00:00+00:00,Sessional,,2025-05-01 00:00:00+00:00,"Joint Committee on Further and Higher Education, Research, Innovation and Science",Live - Primary,Live,,2025-05-13 00:00:00+00:00,Shadow Department,,2025-05-13 00:00:00+00:00,,,,,,,,,,,,,,,,,,,,,,,,,,,,,,,,,,,,,,,,,,,,,,,,,,Labour-Panel,Labour Panel,seanad,house,27th Seanad,27,,,2025-05-01 00:00:00+00:00,Joint Committee on Children and Equality,,,,,,,,,,,,,,,,,,,,,,,,,,,,,,,,,,,,,,,,,,,,,,,,,false,2025
Sharon-Keogan.S.2020-03-30,Sharon,Keogan,Sharon Keogan,,2025-01-29,Independent,Independent,,2025-01-29,Sessional,,2025-10-23 00:00:00+00:00,Seanad Public Consultation Committee,Live - Primary,Live,,2025-10-22 00:00:00+00:00,Consultative,,2025-11-20 00:00:00+00:00,Sessional,,2025-05-01 00:00:00+00:00,Joint Committee on Children and Equality,Live - Primary,Live,,2025-05-13 00:00:00+00:00,Shadow Department,,2025-05-13 00:00:00+00:00,,,,,,,,,,,,,,,,,,,,,,,,,,,,,,,,,,,,,,,,,,,,,,,,,,Industrial-and-Commercial-Panel,Industrial and Commercial Panel,seanad,house,27th Seanad,27,,,,,,,,,,,,,,,,,,,,,,,,,,,,,,,,,,,,,,,,,,,,,,,,,,,2025-05-01 00:00:00+00:00,Joint Committee on Children and Equality,false,2020
Seán-Kyne.D.2011-03-09,Seán,Kyne,Seán Kyne,2026-05-24,2025-01-29,Fine Gael,Fine_Gael,2026-05-24,2025-01-29,Sessional,,2025-10-23 00:00:00+00:00,Seanad Public Consultation Committee,Live - Primary,Live,,2025-10-22 00:00:00+00:00,Consultative,2026-05-25 00:00:00+00:00,2025-11-20 00:00:00+00:00,Standing,,2025-01-29 00:00:00+00:00,Committee on Parliamentary Privileges and Oversight (Seanad Éireann),Live - Primary,Live,,2025-02-12 00:00:00+00:00,Parliamentary Regulation and Reform,2026-05-25 00:00:00+00:00,2025-02-26 00:00:00+00:00,Standing,,2025-01-29 00:00:00+00:00,Committee of Selection (Seanad Éireann),Live - Primary,Live,,2025-02-12 00:00:00+00:00,Parliamentary Business and Committee Membership,2026-05-25 00:00:00+00:00,2025-02-26 00:00:00+00:00,Standing,,2025-01-29 00:00:00+00:00,"Comhchoiste na Gaeilge, na Gaeltachta agus Phobal Labhartha na Gaeilge",Live - Primary,Live,,2025-02-12 00:00:00+00:00,Policy,2026-05-25 00:00:00+00:00,2025-05-13 00:00:00+00:00,Sessional,,2025-05-01 00:00:00+00:00,Joint Committee on Defence and National Security,Live - Primary,Live,Shadow Department,,2025-05-13 00:00:00+00:00,2026-05-25 00:00:00+00:00,2025-05-13 00:00:00+00:00,,,,,,,,,,,,,,,,,Cultural-and-Educational-Panel,Cultural and Educational Panel,seanad,house,27th Seanad,27,,,,,,,,,,,,,,,,,,,,,,,,,,,,,,,,,,,,,,,,,,,,,,,,,,,,,false,2011
Eileen-Lynch.S.2025-01-29,Eileen,Lynch,Eileen Lynch,,2025-01-29,Fine Gael,Fine_Gael,,2025-01-29,Standing,,2025-07-09 00:00:00+00:00,Seanad Select Committee on EU Scrutiny and Transparency,Live - Primary,Live,,2025-07-08 00:00:00+00:00,Policy,,2025-10-21 00:00:00+00:00,Standing transitional,,2025-03-28 00:00:00+00:00,Seanad Select Committee on Subsidiarity (European Union Legislative Scrutiny),Dissolved,Dissolved,2025-05-13 00:00:00+00:00,2025-03-27 00:00:00+00:00,Shadow Department,2025-05-13 00:00:00+00:00,2025-04-02 00:00:00+00:00,Sessional,,2025-05-01 00:00:00+00:00,Joint Committee on Agriculture and Food,Live - Primary,Live,,2025-05-07 00:00:00+00:00,Shadow Department,,2025-05-13 00:00:00+00:00,Sessional,,2025-05-01 00:00:00+00:00,Joint Committee on European Union Affairs,Live - Primary,Live,,2025-05-13 00:00:00+00:00,Shadow Department,,2025-05-13 00:00:00+00:00,,,,,,,,,,,,,,,,,,,,,,,,,,,,Agricultural-Panel,Agricultural Panel,seanad,house,27th Seanad,27,,,,,,,,,,,,,,,,,,,,,,,,,,,,,,,,,,,,,,,,,,,,,,,,,,,,,false,2025
Aubrey-McCarthy.S.2025-01-29,Aubrey,McCarthy,Aubrey McCarthy,,2025-01-29,Independent,Independent,,2025-01-29,Standing,,2025-01-29 00:00:00+00:00,Joint Committee on Public Petitions and the Ombudsmen,Live - Primary,Live,,2025-02-12 00:00:00+00:00,Oversight,,2025-05-13 00:00:00+00:00,Sessional,,2025-05-01 00:00:00+00:00,"Joint Committee on Enterprise, Tourism and Employment",Live - Primary,Live,,2025-05-13 00:00:00+00:00,Shadow Department,,2025-05-13 00:00:00+00:00,Sessional,,2025-05-01 00:00:00+00:00,"Joint Committee on Housing, Local Government and Heritage",Live - Primary,Live,,2025-05-07 00:00:00+00:00,Shadow Department,,2025-05-13 00:00:00+00:00,,,,,,,,,,,,,,,,,,,,,,,,,,,,,,,,,,,,,,,University-of-Dublin,University of Dublin,seanad,house,27th Seanad,27,,,,,,,,,,,,,,,,,,,,,,,,,,,,,,,,,,,,,,,,,,,,,,,,,,,,,false,2025
Maria-McCormack.S.2025-01-29,Maria,McCormack,Maria McCormack,,2025-01-29,Sinn Féin,Sinn_Féin,,2025-01-29,Standing,,2025-01-29 00:00:00+00:00,Committee on Parliamentary Privileges and Oversight (Seanad Éireann),Live - Primary,Live,,2025-02-12 00:00:00+00:00,Parliamentary Regulation and Reform,,2025-02-26 00:00:00+00:00,Standing,,2025-01-29 00:00:00+00:00,Committee of Selection (Seanad Éireann),Live - Primary,Live,,2025-02-12 00:00:00+00:00,Parliamentary Business and Committee Membership,,2025-02-26 00:00:00+00:00,Sessional,,2025-05-01 00:00:00+00:00,"Joint Committee on Housing, Local Government and Heritage",Live - Primary,Live,,2025-05-07 00:00:00+00:00,Shadow Department,,2025-05-13 00:00:00+00:00,Sessional,,2025-05-01 00:00:00+00:00,"Joint Committee on Social Protection, Rural and Community Development",Live - Primary,Live,,2025-05-13 00:00:00+00:00,Shadow Department,,2025-05-13 00:00:00+00:00,,,,,,,,,,,,,,,,,,,,,,,,,,,,Labour-Panel,Labour Panel,seanad,house,27th Seanad,27,,,,,,,,,,,,,,,,,,,,,,,,,,,,,,,,,,,,,,,,,,,,,,,,,,,,,false,2025
Michael-McDowell.D.1987-03-10,Michael,McDowell,Michael McDowell,,2025-01-29,Independent,Independent,,2025-01-29,Standing,,2025-07-09 00:00:00+00:00,Seanad Select Committee on EU Scrutiny and Transparency,Live - Primary,Live,,2025-07-08 00:00:00+00:00,Policy,,2025-10-21 00:00:00+00:00,Standing,,2025-01-29 00:00:00+00:00,Committee on Members' Interests of Seanad Éireann,Live - Primary,Live,,2025-02-12 00:00:00+00:00,Statutory,,2025-05-13 00:00:00+00:00,Standing,,2025-01-29 00:00:00+00:00,Committee on Parliamentary Privileges and Oversight (Seanad Éireann),Live - Primary,Live,,2025-02-12 00:00:00+00:00,Parliamentary Regulation and Reform,,2025-02-26 00:00:00+00:00,Standing transitional,,2025-03-28 00:00:00+00:00,Seanad Select Committee on Subsidiarity (European Union Legislative Scrutiny),Dissolved,Dissolved,2025-05-13 00:00:00+00:00,2025-03-27 00:00:00+00:00,Shadow Department,2025-05-13 00:00:00+00:00,2025-04-02 00:00:00+00:00,Sessional,,2025-05-01 00:00:00+00:00,"Joint Committee on Justice, Home Affairs and Migration",Live - Primary,Live,Shadow Department,,2025-05-13 00:00:00+00:00,,2025-05-13 00:00:00+00:00,,,,,,,,,,,,,,,,,National-University-of-Ireland,National University of Ireland,seanad,house,27th Seanad,27,,,,,,,,,,,,,,,,,,,,,,,,,,,,,,,,,,,,,,,,,,,,,,,,,,,,,false,1987
Rónán-Mullen.S.2007-07-23,Rónán,Mullen,Rónán Mullen,,2025-01-29,Independent,Independent,,2025-01-29,Sessional,,2025-05-01 00:00:00+00:00,Joint Committee on the Implementation of the Good Friday Agreement ,Live - Primary,Live,,2025-05-12 00:00:00+00:00,Shadow Department,,2025-05-13 00:00:00+00:00,Sessional,,2025-05-01 00:00:00+00:00,"Joint Committee on Arts, Media, Communications, Culture and Sport",Live - Primary,Live,,2025-05-07 00:00:00+00:00,Shadow Department,,2025-05-13 00:00:00+00:00,Sessional,,2025-05-01 00:00:00+00:00,Joint Committee on European Union Affairs,Live - Primary,Live,,2025-05-13 00:00:00+00:00,Shadow Department,,2025-05-13 00:00:00+00:00,,,,,,,,,,,,,,,,,,,,,,,,,,,,,,,,,,,,,,,National-University-of-Ireland,National University of Ireland,seanad,house,27th Seanad,27,,,,,,,,,,,,,,,,,,,,,,,,,,,,,,,,,,,,,,,,,,,,,,,,,,,,,false,2007
Conor-Murphy.S.2025-01-29,Conor,Murphy,Conor Murphy,,2025-01-29,Sinn Féin,Sinn_Féin,,2025-01-29,Standing,,2025-07-09 00:00:00+00:00,Seanad Select Committee on EU Scrutiny and Transparency,Live - Primary,Live,,2025-07-08 00:00:00+00:00,Policy,,2025-10-21 00:00:00+00:00,Sessional,,2025-10-23 00:00:00+00:00,Seanad Public Consultation Committee,Live - Primary,Live,,2025-10-22 00:00:00+00:00,Consultative,,2025-11-20 00:00:00+00:00,Sessional,,2025-05-01 00:00:00+00:00,"Joint Committee on Enterprise, Tourism and Employment",Live - Primary,Live,,2025-05-13 00:00:00+00:00,Shadow Department,,2025-05-13 00:00:00+00:00,Sessional,,2025-05-01 00:00:00+00:00,"Joint Committee on Finance, Public Expenditure, Public Service Reform and Digitalisation, and Taoiseach",Live - Primary,Live,,2025-05-07 00:00:00+00:00,Shadow Department,,2025-05-13 00:00:00+00:00,Sessional,,2025-05-01 00:00:00+00:00,Joint Committee on the Implementation of the Good Friday Agreement ,Live - Primary,Live,Shadow Department,,2025-05-12 00:00:00+00:00,,2025-05-13 00:00:00+00:00,,,,,,,,,,,,,,,,,Industrial-and-Commercial-Panel,Industrial and Commercial Panel,seanad,house,27th Seanad,27,,,,,,,,,,,,,,,,,,,,,,,,,,,,,,,,,,,,,,,,,,,,,,,,,,,,,false,2025
PJ-Murphy.S.2025-01-29,PJ,Murphy,PJ Murphy,,2025-01-29,Fine Gael,Fine_Gael,,2025-01-29,Standing,,2025-01-29 00:00:00+00:00,Committee on Members' Interests of Seanad Éireann,Live - Primary,Live,,2025-02-12 00:00:00+00:00,Statutory,,2025-05-13 00:00:00+00:00,Standing transitional,,2025-03-28 00:00:00+00:00,Seanad Select Committee on Subsidiarity (European Union Legislative Scrutiny),Dissolved,Dissolved,2025-05-13 00:00:00+00:00,2025-03-27 00:00:00+00:00,Shadow Department,2025-05-13 00:00:00+00:00,2025-04-02 00:00:00+00:00,Sessional,,2025-05-01 00:00:00+00:00,"Joint Committee on Housing, Local Government and Heritage",Live - Primary,Live,,2025-05-07 00:00:00+00:00,Shadow Department,,2025-05-13 00:00:00+00:00,,,,,,,,,,,,,,,,,,,,,,,,,,,,,,,,,,,,,,,Agricultural-Panel,Agricultural Panel,seanad,house,27th Seanad,27,,,,,,,,,,,,,,,,,,,,,,,,,,,,,,,,,,,,,,,,,,,,,,,,,,,,,false,2025
Margaret-Murphy-O'Mahony.D.2016-10-03,Margaret,Murphy O'Mahony,Margaret Murphy O'Mahony,,2025-01-29,Fianna Fáil,Fianna_Fáil,,2025-01-29,Sessional,,2025-05-01 00:00:00+00:00,Joint Committee on Children and Equality,Live - Primary,Live,,2025-05-13 00:00:00+00:00,Shadow Department,,2025-05-13 00:00:00+00:00,Sessional,,2025-05-01 00:00:00+00:00,Joint Committee on Disability Matters,Live - Primary,Live,,2025-05-13 00:00:00+00:00,Shadow Department,,2025-05-13 00:00:00+00:00,,,,,,,,,,,,,,,,,,,,,,,,,,,,,,,,,,,,,,,,,,,,,,,,,,Labour-Panel,Labour Panel,seanad,house,27th Seanad,27,,,2025-05-01 00:00:00+00:00,Joint Committee on Children and Equality,,,,,2025-05-21 00:00:00+00:00,Leas-Chathaoirleach,,,,,,,,,,,,,,,,,,,,,,,,,,,,,,,,,,,,,,,,,,,false,2016
Linda-Nelson-Murray.S.2025-01-29,Linda,Nelson Murray,Linda Nelson Murray,,2025-01-29,Fine Gael,Fine_Gael,,2025-01-29,Standing,,2025-01-29 00:00:00+00:00,Committee on Members' Interests of Seanad Éireann,Live - Primary,Live,,2025-02-12 00:00:00+00:00,Statutory,,2025-05-13 00:00:00+00:00,Sessional,,2025-05-01 00:00:00+00:00,Joint Committee on Education and Youth,Live - Primary,Live,,2025-05-13 00:00:00+00:00,Shadow Department,,2025-05-13 00:00:00+00:00,Sessional,,2025-05-01 00:00:00+00:00,"Joint Committee on Enterprise, Tourism and Employment",Live - Primary,Live,,2025-05-13 00:00:00+00:00,Shadow Department,,2025-05-13 00:00:00+00:00,,,,,,,,,,,,,,,,,,,,,,,,,,,,,,,,,,,,,,,Industrial-and-Commercial-Panel,Industrial and Commercial Panel,seanad,house,27th Seanad,27,,,,,,,,,,,,,,,,,,,,,,,,,,,,,,,,,,,,,,,,,,,,,,,,,,,,,false,2025
Malcolm-Noonan.D.2020-02-08,Malcolm,Noonan,Malcolm Noonan,,2025-01-29,Green Party,Green_Party,,2025-01-29,Standing transitional,,2025-03-28 00:00:00+00:00,Seanad Select Committee on Subsidiarity (European Union Legislative Scrutiny),Dissolved,Dissolved,2025-05-13 00:00:00+00:00,2025-03-27 00:00:00+00:00,Shadow Department,2025-05-13 00:00:00+00:00,2025-04-02 00:00:00+00:00,Standing,,2025-07-09 00:00:00+00:00,Seanad Select Committee on EU Scrutiny and Transparency,Live - Primary,Live,,2025-07-08 00:00:00+00:00,Policy,,2025-10-21 00:00:00+00:00,Sessional,,2025-05-01 00:00:00+00:00,"Joint Committee on Arts, Media, Communications, Culture and Sport",Live - Primary,Live,,2025-05-07 00:00:00+00:00,Shadow Department,,2025-05-13 00:00:00+00:00,Sessional,,2025-05-01 00:00:00+00:00,"Joint Committee on Climate, Environment and Energy",Live - Primary,Live,,2025-05-13 00:00:00+00:00,Shadow Department,,2025-05-13 00:00:00+00:00,Sessional,,2025-05-01 00:00:00+00:00,Joint Committee on Fisheries and Maritime Affairs,Live - Primary,Live,Shadow Department,,2025-05-07 00:00:00+00:00,,2026-07-08 00:00:00+00:00,Sessional,dail,,2025-05-01 00:00:00+00:00,Joint Committee on Key Issues Affecting the Traveller Community,Live - Primary,Live,Policy,34.0,,2025-05-12 00:00:00+00:00,,2025-05-13 00:00:00+00:00,,,,Agricultural-Panel,Agricultural Panel,seanad,house,27th Seanad,27,,,,,,,,,,,,,,,,,,,,,,,,,,,,,,,,,,,,,,,,,,,,,,,,,,,,,false,2020
Evanne-Ní-Chuilinn.S.2025-01-29,Evanne,Ní Chuilinn,Evanne Ní Chuilinn,,2025-01-29,Fine Gael,Fine_Gael,,2025-01-29,Standing,,2025-01-29 00:00:00+00:00,"Comhchoiste na Gaeilge, na Gaeltachta agus Phobal Labhartha na Gaeilge",Live - Primary,Live,,2025-02-12 00:00:00+00:00,Policy,,2025-05-13 00:00:00+00:00,Sessional,,2025-05-01 00:00:00+00:00,"Joint Committee on Arts, Media, Communications, Culture and Sport",Live - Primary,Live,,2025-05-07 00:00:00+00:00,Shadow Department,,2025-05-13 00:00:00+00:00,Special,,2025-05-01 00:00:00+00:00,Joint Committee on Drugs Use,Dissolved,Dissolved,2026-06-24 00:00:00+00:00,2025-05-13 00:00:00+00:00,Policy,2026-06-24 00:00:00+00:00,2025-05-13 00:00:00+00:00,,,,,,,,,,,,,,,,,,,,,,,,,,,,,,,,,,,,,,,Nominated-by-the-Taoiseach,Nominated by the Taoiseach,seanad,house,27th Seanad,27,,,,,,,,,2025-05-21 00:00:00+00:00,Leas-Chathaoirleach,,,,,,,,,,,,,,,,,,,,,,,,,,,,,,,,,,,,,,,,,,,false,2025
Noel-O'Donovan.S.2025-01-29,Noel,O'Donovan,Noel O'Donovan,,2025-01-29,Fine Gael,Fine_Gael,,2025-01-29,Sessional,,2025-05-01 00:00:00+00:00,"Joint Committee on Climate, Environment and Energy",Live - Primary,Live,,2025-05-13 00:00:00+00:00,Shadow Department,,2025-05-13 00:00:00+00:00,Sessional,,2025-05-01 00:00:00+00:00,"Joint Committee on Social Protection, Rural and Community Development",Live - Primary,Live,,2025-05-13 00:00:00+00:00,Shadow Department,,2025-05-13 00:00:00+00:00,Special,,2025-05-01 00:00:00+00:00,Joint Committee on Artificial Intelligence,Live - Primary,Live,,2025-05-12 00:00:00+00:00,Policy,,2025-05-13 00:00:00+00:00,,,,,,,,,,,,,,,,,,,,,,,,,,,,,,,,,,,,,,,Nominated-by-the-Taoiseach,Nominated by the Taoiseach,seanad,house,27th Seanad,27,,,,,,,,,,,,,,,,,,,,,,,,,,,,,,,,,,,,,,,,,,,,,,,,,,,,,false,2025
Fiona-O'Loughlin.D.2016-10-03,Fiona,O'Loughlin,Fiona O'Loughlin,,2025-01-29,Fianna Fáil,Fianna_Fáil,,2025-01-29,Sessional,,2025-10-23 00:00:00+00:00,Seanad Public Consultation Committee,Live - Primary,Live,,2025-10-22 00:00:00+00:00,Consultative,,2025-11-20 00:00:00+00:00,Standing,,2025-01-29 00:00:00+00:00,Committee of Selection (Seanad Éireann),Live - Primary,Live,,2025-02-12 00:00:00+00:00,Parliamentary Business and Committee Membership,,2025-02-26 00:00:00+00:00,Standing transitional,,2025-03-28 00:00:00+00:00,Seanad Select Committee on Subsidiarity (European Union Legislative Scrutiny),Dissolved,Dissolved,2025-05-13 00:00:00+00:00,2025-03-27 00:00:00+00:00,Shadow Department,2025-05-13 00:00:00+00:00,2025-04-02 00:00:00+00:00,Standing,,2025-01-29 00:00:00+00:00,Committee on Parliamentary Privileges and Oversight (Seanad Éireann),Live - Primary,Live,,2025-02-12 00:00:00+00:00,Parliamentary Regulation and Reform,,2025-02-26 00:00:00+00:00,Sessional,,2025-05-01 00:00:00+00:00,Joint Committee on European Union Affairs,Live - Primary,Live,Shadow Department,,2025-05-13 00:00:00+00:00,,2025-05-13 00:00:00+00:00,Sessional,dail,,2025-05-01 00:00:00+00:00,Joint Committee on Foreign Affairs and Trade,Live - Primary,Live,Shadow Department,34.0,,2025-05-07 00:00:00+00:00,,2025-05-13 00:00:00+00:00,,,,Administrative-Panel,Administrative Panel,seanad,house,27th Seanad,27,,,,,,,,,,,,,,,,,,,,,,,,,,,,,,,,,,,,,,,,,,,,,,,,,,,,,false,2016
Joe-O'Reilly.S.1989-10-01,Joe,O'Reilly,Joe O'Reilly,,2025-01-29,Fine Gael,Fine_Gael,,2025-01-29,Standing,,2025-01-29 00:00:00+00:00,Committee on Parliamentary Privileges and Oversight (Seanad Éireann),Live - Primary,Live,,2025-02-12 00:00:00+00:00,Parliamentary Regulation and Reform,,2025-02-26 00:00:00+00:00,Standing,,2025-01-29 00:00:00+00:00,Committee of Selection (Seanad Éireann),Live - Primary,Live,,2025-02-12 00:00:00+00:00,Parliamentary Business and Committee Membership,,2025-02-26 00:00:00+00:00,Standing transitional,,2025-03-28 00:00:00+00:00,Seanad Select Committee on Subsidiarity (European Union Legislative Scrutiny),Dissolved,Dissolved,2025-05-13 00:00:00+00:00,2025-03-27 00:00:00+00:00,Shadow Department,2025-05-13 00:00:00+00:00,2025-04-02 00:00:00+00:00,Sessional,,2025-05-01 00:00:00+00:00,Joint Committee on Foreign Affairs and Trade,Live - Primary,Live,,2025-05-07 00:00:00+00:00,Shadow Department,,2025-05-13 00:00:00+00:00,Sessional,,2025-05-01 00:00:00+00:00,Joint Committee on Key Issues Affecting the Traveller Community,Live - Primary,Live,Policy,,2025-05-12 00:00:00+00:00,,2025-05-13 00:00:00+00:00,Sessional,dail,,2025-05-01 00:00:00+00:00,"Joint Committee on Finance, Public Expenditure, Public Service Reform and Digitalisation, and Taoiseach",Live - Primary,Live,Shadow Department,34.0,,2025-05-07 00:00:00+00:00,,2025-05-13 00:00:00+00:00,,,,Labour-Panel,Labour Panel,seanad,house,27th Seanad,27,,,,,,,,,,,,,,,,,,,,,,,,,,,,,,,,,,,,,,,,,,,,,,,,,,,,,false,1989
Sarah-O'Reilly.S.2025-01-29,Sarah,O'Reilly,Sarah O'Reilly,,2025-01-29,Aontú,Aontú,,2025-01-29,Sessional,,2025-05-01 00:00:00+00:00,Joint Committee on Fisheries and Maritime Affairs,Live - Primary,Live,,2025-05-07 00:00:00+00:00,Shadow Department,,2025-06-25 00:00:00+00:00,Sessional,,2025-05-01 00:00:00+00:00,"Joint Committee on Social Protection, Rural and Community Development",Live - Primary,Live,,2025-05-13 00:00:00+00:00,Shadow Department,,2025-05-13 00:00:00+00:00,,,,,,,,,,,,,,,,,,,,,,,,,,,,,,,,,,,,,,,,,,,,,,,,,,Agricultural-Panel,Agricultural Panel,seanad,house,27th Seanad,27,,,,,,,,,,,,,,,,,,,,,,,,,,,,,,,,,,,,,,,,,,,,,,,,,,,,,false,2025
Anne-Rabbitte.D.2016-10-03,Anne,Rabbitte,Anne Rabbitte,,2025-01-29,Fianna Fáil,Fianna_Fáil,,2025-01-29,Standing,,2025-07-09 00:00:00+00:00,Seanad Select Committee on EU Scrutiny and Transparency,Live - Primary,Live,,2025-07-08 00:00:00+00:00,Policy,,2025-10-21 00:00:00+00:00,Sessional,,2025-05-01 00:00:00+00:00,"Joint Committee on Justice, Home Affairs and Migration",Live - Primary,Live,,2025-05-13 00:00:00+00:00,Shadow Department,,2025-05-13 00:00:00+00:00,Sessional,,2025-05-01 00:00:00+00:00,"Joint Committee on Social Protection, Rural and Community Development",Live - Primary,Live,,2025-05-13 00:00:00+00:00,Shadow Department,,2025-05-13 00:00:00+00:00,Sessional,,2025-05-01 00:00:00+00:00,Joint Committee on Key Issues Affecting the Traveller Community,Live - Primary,Live,,2025-05-12 00:00:00+00:00,Policy,,2025-05-13 00:00:00+00:00,,,,,,,,,,,,,,,,,,,,,,,,,,,,Nominated-by-the-Taoiseach,Nominated by the Taoiseach,seanad,house,27th Seanad,27,,,,,,,,,,,,2025-06-11 00:00:00+00:00,Leas-Chathaoirleach,,,,,,,,,,,,,,,,,,,,,,,,,,,,,,,,,,,,,,,,false,2016
Lynn-Ruane.S.2016-04-25,Lynn,Ruane,Lynn Ruane,,2025-01-29,Independent,Independent,,2025-01-29,Standing,,2025-01-29 00:00:00+00:00,Committee on Members' Interests of Seanad Éireann,Live - Primary,Live,,2025-02-12 00:00:00+00:00,Statutory,,2025-05-13 00:00:00+00:00,Standing,,2025-01-29 00:00:00+00:00,Committee of Selection (Seanad Éireann),Live - Primary,Live,,2025-02-12 00:00:00+00:00,Parliamentary Business and Committee Membership,,2025-02-26 00:00:00+00:00,Sessional,,2025-05-01 00:00:00+00:00,"Joint Committee on Justice, Home Affairs and Migration",Live - Primary,Live,,2025-05-13 00:00:00+00:00,Shadow Department,,2025-05-13 00:00:00+00:00,Special,,2025-05-01 00:00:00+00:00,Joint Committee on Drugs Use,Dissolved,Dissolved,2026-06-24 00:00:00+00:00,2025-05-13 00:00:00+00:00,Policy,2026-06-24 00:00:00+00:00,2025-05-13 00:00:00+00:00,Special,,2025-05-01 00:00:00+00:00,Joint Committee on Artificial Intelligence,Live - Primary,Live,Policy,,2025-05-12 00:00:00+00:00,,2025-05-13 00:00:00+00:00,,,,,,,,,,,,,,,,,University-of-Dublin,University of Dublin,seanad,house,27th Seanad,27,,,,,,,,,,,,,,,,,,,,,,,,,,,,,,,,,,,,,,,,,,,,,,,,,,,,,false,2016
Dee-Ryan.S.2025-01-29,Dee,Ryan,Dee Ryan,,2025-01-29,Fianna Fáil,Fianna_Fáil,,2025-01-29,Sessional,,2025-05-01 00:00:00+00:00,"Joint Committee on Further and Higher Education, Research, Innovation and Science",Live - Primary,Live,,2025-05-13 00:00:00+00:00,Shadow Department,,2025-05-13 00:00:00+00:00,Special,,2025-05-01 00:00:00+00:00,Joint Committee on Artificial Intelligence,Live - Primary,Live,,2025-05-12 00:00:00+00:00,Policy,,2025-05-13 00:00:00+00:00,,,,,,,,,,,,,,,,,,,,,,,,,,,,,,,,,,,,,,,,,,,,,,,,,,Nominated-by-the-Taoiseach,Nominated by the Taoiseach,seanad,house,27th Seanad,27,,,,,,,,,,,,,,,,,,,,,,,,,,,,,,,,,,,,,,,,,,,,,,,,,,,,,false,2025
Nicole-Ryan.S.2025-01-29,Nicole,Ryan,Nicole Ryan,,2025-01-29,Sinn Féin,Sinn_Féin,,2025-01-29,Standing,,2025-01-29 00:00:00+00:00,"Comhchoiste na Gaeilge, na Gaeltachta agus Phobal Labhartha na Gaeilge",Live - Primary,Live,,2025-02-12 00:00:00+00:00,Policy,,2025-05-13 00:00:00+00:00,Sessional,,2025-05-01 00:00:00+00:00,Joint Committee on Health,Live - Primary,Live,,2025-05-13 00:00:00+00:00,Shadow Department,,2025-05-13 00:00:00+00:00,Special,,2025-05-01 00:00:00+00:00,Joint Committee on Drugs Use,Dissolved,Dissolved,2026-06-24 00:00:00+00:00,2025-05-13 00:00:00+00:00,Policy,2026-06-24 00:00:00+00:00,2025-05-13 00:00:00+00:00,,,,,,,,,,,,,,,,,,,,,,,,,,,,,,,,,,,,,,,Administrative-Panel,Administrative Panel,seanad,house,27th Seanad,27,,,,,,,,,,,,,,,,,,,,,,,,,,,,,,,,,,,,,,,,,,,,,,,,,,,,,false,2025
Gareth-Scahill.S.2025-01-29,Gareth,Scahill,Gareth Scahill,,2025-01-29,Fine Gael,Fine_Gael,,2025-01-29,Sessional,,2025-05-01 00:00:00+00:00,Joint Committee on Education and Youth,Live - Primary,Live,,2025-05-13 00:00:00+00:00,Shadow Department,,2025-05-13 00:00:00+00:00,Special,,2025-05-01 00:00:00+00:00,Joint Committee on Artificial Intelligence,Live - Primary,Live,,2025-05-12 00:00:00+00:00,Policy,,2025-05-13 00:00:00+00:00,,,,,,,,,,,,,,,,,,,,,,,,,,,,,,,,,,,,,,,,,,,,,,,,,,Nominated-by-the-Taoiseach,Nominated by the Taoiseach,seanad,house,27th Seanad,27,,,,,,2025-05-28 00:00:00+00:00,Leas-Chathaoirleach,,,,,,,,,,,,,,,,,,,,,,,,,,,,,,,,,,,,,,,,,,,,,,false,2025
Patricia-Stephenson.S.2025-01-29,Patricia,Stephenson,Patricia Stephenson,,2025-01-29,Social Democrats,Social_Democrats,,2025-01-29,Standing,,2025-01-29 00:00:00+00:00,Committee of Selection (Seanad Éireann),Live - Primary,Live,,2025-02-12 00:00:00+00:00,Parliamentary Business and Committee Membership,,2025-02-26 00:00:00+00:00,Sessional,,2025-05-01 00:00:00+00:00,Joint Committee on the Implementation of the Good Friday Agreement ,Live - Primary,Live,,2025-05-12 00:00:00+00:00,Shadow Department,,2025-05-13 00:00:00+00:00,Sessional,,2025-05-01 00:00:00+00:00,Joint Committee on Infrastructure and National Development Plan Delivery,Live - Primary,Live,,2025-05-07 00:00:00+00:00,Shadow Department,,2025-05-13 00:00:00+00:00,Sessional,,2025-05-01 00:00:00+00:00,Joint Committee on Foreign Affairs and Trade,Live - Primary,Live,,2025-05-07 00:00:00+00:00,Shadow Department,,2025-05-13 00:00:00+00:00,,,,,,,,,,,,,,,,,,,,,,,,,,,,Labour-Panel,Labour Panel,seanad,house,27th Seanad,27,,,,,,,,,,,,,,,,,,,,,,,,,,,,,,,,,,,,,,,,,,,,,,,,,,,,,false,2025
Pauline-Tully.D.2020-02-08,Pauline,Tully,Pauline Tully,,2025-01-29,Sinn Féin,Sinn_Féin,,2025-01-29,Sessional,,2025-05-01 00:00:00+00:00,Joint Committee on Education and Youth,Live - Primary,Live,,2025-05-13 00:00:00+00:00,Shadow Department,,2025-05-13 00:00:00+00:00,Sessional,,2025-05-01 00:00:00+00:00,"Joint Committee on Further and Higher Education, Research, Innovation and Science",Live - Primary,Live,,2025-05-13 00:00:00+00:00,Shadow Department,,2025-05-13 00:00:00+00:00,,,,,,,,,,,,,,,,,,,,,,,,,,,,,,,,,,,,,,,,,,,,,,,,,,Cultural-and-Educational-Panel,Cultural and Educational Panel,seanad,house,27th Seanad,27,,,,,,,,,,,,,,,,,,,,,,,,,,,,,,,,,,,,,,,,,,,,,,,,,,,,,false,2020
Diarmuid-Wilson.S.2002-09-12,Diarmuid,Wilson,Diarmuid Wilson,,2025-01-29,Fianna Fáil,Fianna_Fáil,,2025-01-29,Sessional,,2025-05-01 00:00:00+00:00,Joint Committee on Defence and National Security,Live - Primary,Live,,2025-05-13 00:00:00+00:00,Shadow Department,,2025-05-13 00:00:00+00:00,Sessional,,2025-05-01 00:00:00+00:00,Joint Committee on Fisheries and Maritime Affairs,Live - Primary,Live,,2025-05-07 00:00:00+00:00,Shadow Department,,2025-05-13 00:00:00+00:00,,,,,,,,,,,,,,,,,,,,,,,,,,,,,,,,,,,,,,,,,,,,,,,,,,Administrative-Panel,Administrative Panel,seanad,house,27th Seanad,27,,,,,,2025-05-22 00:00:00+00:00,Leas-Chathaoirleach,,,,,,,,,,,,,,,,,,,,,,,,,,,,,,,,,,,,,,,,,,,,,,false,2002
