local_authority,meeting,doc_type,power_class,power_type,n_hits,source_status
Carlow,Minutes%20Carlow%20County%20Council%20May%202026.pdf,plenary_minutes,reserved_real_devplan,reserved,24,text
Carlow,Minutes%20Carlow%20County%20Council%20May%202026.pdf,plenary_minutes,exec_noted_mgmt,executive,2,text
Carlow,Minutes%20Carlow%20County%20Council%20February%202026_0.pdf,plenary_minutes,reserved_veto_s183,reserved,7,text
Carlow,Minutes%20Carlow%20County%20Council%20February%202026_0.pdf,plenary_minutes,exec_noted_annual,executive,1,text
Carlow,Minutes%20Carlow%20County%20Council%20January%202026.pdf,plenary_minutes,reserved_veto_s183,reserved,4,text
Kerry,dec17.pdf,plenary_minutes,reserved_real_budget,reserved,3,text
Kerry,dec17.pdf,plenary_minutes,reserved_real_lpt,reserved,8,text
Kerry,dec17.pdf,plenary_minutes,reserved_veto_s183,reserved,3,text
Kerry,nov17.pdf,plenary_minutes,reserved_real_devplan,reserved,1,text
Kerry,nov17.pdf,plenary_minutes,reserved_real_lpt,reserved,1,text
Kerry,nov17.pdf,plenary_minutes,reserved_veto_s183,reserved,3,text
Kerry,nov17.pdf,plenary_minutes,reserved_veto_part8,reserved,2,text
Kerry,budgetnov17.pdf,plenary_minutes,reserved_real_budget,reserved,2,text
Kerry,budgetnov17.pdf,plenary_minutes,reserved_real_lpt,reserved,23,text
Kerry,budgetnov17.pdf,plenary_minutes,reserved_real_rates,reserved,6,text
Kerry,budgetnov17.pdf,plenary_minutes,reserved_veto_part8,reserved,1,text
Kerry,lpt.pdf,plenary_minutes,reserved_real_budget,reserved,2,text
Kerry,lpt.pdf,plenary_minutes,reserved_real_lpt,reserved,136,text
Kerry,lpt.pdf,plenary_minutes,reserved_veto_part8,reserved,1,text
Kerry,sept17.pdf,plenary_minutes,reserved_real_budget,reserved,1,text
Kerry,sept17.pdf,plenary_minutes,reserved_veto_s183,reserved,4,text
Kerry,spjuly17.pdf,plenary_minutes,reserved_real_lpt,reserved,1,text
Kerry,spjuly17.pdf,plenary_minutes,exec_noted_mgmt,executive,2,text
Kerry,july17.pdf,plenary_minutes,reserved_real_lpt,reserved,3,text
Kerry,juneord17.pdf,plenary_minutes,reserved_real_devplan,reserved,1,text
Kerry,juneord17.pdf,plenary_minutes,exec_noted_mgmt,executive,1,text
Kerry,may17.pdf,plenary_minutes,reserved_real_budget,reserved,1,text
Kerry,may17.pdf,plenary_minutes,exec_noted_mgmt,executive,1,text
Kerry,apr17.pdf,plenary_minutes,reserved_real_budget,reserved,2,text
Kerry,apr17.pdf,plenary_minutes,reserved_real_devplan,reserved,1,text
Kerry,apr17.pdf,plenary_minutes,reserved_veto_s183,reserved,8,text
Kerry,apr17.pdf,plenary_minutes,reserved_veto_part8,reserved,2,text
Kerry,apr17.pdf,plenary_minutes,exec_noted_mgmt,executive,1,text
Kerry,mar17.pdf,plenary_minutes,exec_noted_mgmt,executive,1,text
Kerry,feb17.pdf,plenary_minutes,reserved_real_budget,reserved,1,text
Kerry,feb17.pdf,plenary_minutes,reserved_real_devplan,reserved,1,text
Kerry,feb17.pdf,plenary_minutes,reserved_real_lpt,reserved,2,text
Kerry,feb17.pdf,plenary_minutes,reserved_veto_part8,reserved,2,text
Kerry,feb17.pdf,plenary_minutes,exec_noted_mgmt,executive,1,text
Kerry,jan17.pdf,plenary_minutes,reserved_real_lpt,reserved,3,text
Kerry,jan17.pdf,plenary_minutes,reserved_veto_part8,reserved,2,text
Kerry,jan17.pdf,plenary_minutes,exec_noted_mgmt,executive,1,text
Leitrim,Chief-Executive-Monthly-Management-Report-September-2025.pdf,plenary_minutes,reserved_veto_part8,reserved,8,text
Leitrim,Chief-Executive-Monthly-Management-Report-April-2025.pdf,plenary_minutes,reserved_veto_part8,reserved,1,text
Monaghan,Monaghan-CoCo-Minutes-16-December-2024.pdf,plenary_minutes,reserved_real_budget,reserved,1,text
Monaghan,Monaghan-CoCo-Minutes-16-December-2024.pdf,plenary_minutes,reserved_veto_s183,reserved,3,text
Monaghan,Minutes-Statutory-Budget-19-November-2024.pdf,plenary_minutes,reserved_real_budget,reserved,4,text
Monaghan,Minutes-Statutory-Budget-19-November-2024.pdf,plenary_minutes,reserved_real_lpt,reserved,1,text
Monaghan,Minutes-Statutory-Budget-19-November-2024.pdf,plenary_minutes,reserved_real_rates,reserved,3,text
Monaghan,Minutes-07-October-Council-meeting.pdf,plenary_minutes,reserved_real_budget,reserved,2,text
Monaghan,Minutes-Adjourned-Council-Meeting-16-September-2024.pdf,plenary_minutes,reserved_veto_s183,reserved,1,text
Monaghan,Minutes-02-September-2024.pdf,plenary_minutes,reserved_real_lpt,reserved,6,text
Monaghan,Minutes-02-September-2024.pdf,plenary_minutes,reserved_veto_part8,reserved,6,text
Monaghan,Minutes-08-July-2024.pdf,plenary_minutes,reserved_veto_part8,reserved,7,text
Monaghan,Minutes-04-June-2024.pdf,plenary_minutes,reserved_veto_s183,reserved,8,text
Monaghan,Minutes-07-May-2024.pdf,plenary_minutes,reserved_veto_s183,reserved,2,text
Monaghan,Minutes-07-May-2024.pdf,plenary_minutes,reserved_veto_part8,reserved,1,text
Monaghan,Minutes-08-April-2024.pdf,plenary_minutes,reserved_veto_s183,reserved,6,text
Monaghan,Minutes-08-April-2024.pdf,plenary_minutes,reserved_veto_part8,reserved,6,text
Monaghan,Minutes-04-March-2024.pdf,plenary_minutes,reserved_veto_part8,reserved,9,text
Monaghan,Minutes-04-March-2024.pdf,plenary_minutes,exec_noted_mgmt,executive,1,text
Monaghan,Minutes-12-February-2024.pdf,plenary_minutes,reserved_veto_part8,reserved,4,text
Monaghan,Minutes-12-February-2024.pdf,plenary_minutes,exec_noted_mgmt,executive,1,text
Monaghan,Minutes-12-February-2024.pdf,plenary_minutes,exec_noted_annual,executive,2,text
Monaghan,Minutes-08-January-2024.pdf,plenary_minutes,reserved_real_lpt,reserved,2,text
Monaghan,Minutes-08-January-2024.pdf,plenary_minutes,reserved_veto_s183,reserved,5,text
Monaghan,Minutes-08-January-2024.pdf,plenary_minutes,reserved_veto_part8,reserved,6,text
South Dublin,local-government-act-2001.pdf,plenary_minutes,reserved_real_budget,reserved,4,text
South Dublin,local-government-act-2001.pdf,plenary_minutes,reserved_real_rates,reserved,5,text
South Dublin,local-government-act-2001.pdf,plenary_minutes,reserved_veto_s183,reserved,6,text
South Dublin,local-government-act-2001.pdf,plenary_minutes,reserved_veto_part8,reserved,15,text
South Dublin,local-government-act-2001.pdf,plenary_minutes,requisition_s140,reserved,6,text
Clare,minutes-of-the-budget-2024-meeting-of-clare-county-council-53934.pdf,plenary_minutes,reserved_real_budget,reserved,2,text
Clare,minutes-of-the-budget-2024-meeting-of-clare-county-council-53934.pdf,plenary_minutes,reserved_real_lpt,reserved,6,text
Clare,minutes-of-the-budget-2024-meeting-of-clare-county-council-53934.pdf,plenary_minutes,reserved_real_rates,reserved,5,text
Clare,minutes-of-the-november-2023-monthly-meeting-of-clare-county-council-53933.pdf,plenary_minutes,reserved_real_devplan,reserved,1,text
Clare,minutes-of-the-november-2023-monthly-meeting-of-clare-county-council-53933.pdf,plenary_minutes,reserved_veto_s183,reserved,3,text
Clare,minutes-of-the-october-2023-monthly-meeting-of-clare-county-council-53932.pdf,plenary_minutes,reserved_veto_s183,reserved,10,text
Donegal,minutes-september-meeting-30924.pdf,plenary_minutes,reserved_real_budget,reserved,3,text
Donegal,minutes-september-meeting-30924.pdf,plenary_minutes,reserved_real_lpt,reserved,41,text
Donegal,minutes-september-meeting-30924.pdf,plenary_minutes,reserved_veto_s183,reserved,17,text
Donegal,minutes-september-meeting-30924.pdf,plenary_minutes,reserved_veto_part8,reserved,5,text
Donegal,minutes-november-meeting-251124.pdf,plenary_minutes,reserved_veto_s183,reserved,17,text
Donegal,minutes-november-meeting-251124.pdf,plenary_minutes,reserved_veto_part8,reserved,5,text
Donegal,minutes-annual-budget-meeting-041224.pdf,plenary_minutes,reserved_real_budget,reserved,1,text
Donegal,minutes-annual-budget-meeting-041224.pdf,plenary_minutes,reserved_real_lpt,reserved,6,text
Donegal,minutes-special-meeting-091224.pdf,plenary_minutes,reserved_veto_part8,reserved,2,text
Donegal,minutes-adjourned-budget-meeting-091224.pdf,plenary_minutes,reserved_real_lpt,reserved,1,text
Donegal,minutes-adjourned-budget-meeting-121224.pdf,plenary_minutes,reserved_real_budget,reserved,2,text
Donegal,minutes-adjourned-budget-meeting-121224.pdf,plenary_minutes,reserved_real_rates,reserved,1,text
Donegal,minutes-january-meeting-270125-1.pdf,plenary_minutes,reserved_veto_s183,reserved,13,text
Donegal,minutes-january-meeting-270125-1.pdf,plenary_minutes,reserved_veto_part8,reserved,1,text
Donegal,minutes-special-meeting-240225-1.pdf,plenary_minutes,reserved_veto_part8,reserved,2,text
Donegal,minutes-march-meeting-310325.pdf,plenary_minutes,reserved_veto_s183,reserved,17,text
Donegal,minutes-march-meeting-310325.pdf,plenary_minutes,reserved_veto_part8,reserved,4,text
Donegal,minutes-special-meeting-280425.pdf,plenary_minutes,reserved_veto_part8,reserved,3,text
Donegal,minutes-may-meeting-260525.pdf,plenary_minutes,reserved_real_budget,reserved,2,text
Donegal,minutes-may-meeting-260525.pdf,plenary_minutes,reserved_veto_s183,reserved,7,text
Donegal,minutes-may-meeting-260525.pdf,plenary_minutes,reserved_veto_part8,reserved,9,text
Donegal,minutes-special-meeting-280525.pdf,plenary_minutes,reserved_real_devplan,reserved,1,text
Donegal,minutes-special-meeting-280525.pdf,plenary_minutes,reserved_veto_s183,reserved,3,text
Donegal,minutes-special-meeting-280525.pdf,plenary_minutes,reserved_veto_part8,reserved,1,text
Donegal,minutes-special-meeting-300625.pdf,plenary_minutes,reserved_veto_part8,reserved,1,text
Kildare,Minutes  Special Meeting 15Dec2025  for circulation to Members.pdf,plenary_minutes,reserved_real_devplan,reserved,135,text
Kildare,Minutes  Special Meeting 15Dec2025  for circulation to Members.pdf,plenary_minutes,reserved_veto_part8,reserved,5,text
Kildare,Minutes  Special Meeting 15Dec2025  for circulation to Members.pdf,plenary_minutes,exec_noted_mgmt,executive,2,text
Kildare,24112025 Minutes November Monthly Meeting Full Council.pdf,plenary_minutes,reserved_veto_s183,reserved,20,text
Kildare,17112025  Minutes Budget 2026 Meeting Full Council.pdf,plenary_minutes,reserved_real_budget,reserved,10,text
Kildare,17112025  Minutes Budget 2026 Meeting Full Council.pdf,plenary_minutes,reserved_real_lpt,reserved,3,text
Kildare,17112025  Minutes Budget 2026 Meeting Full Council.pdf,plenary_minutes,reserved_real_rates,reserved,5,text
Kildare,20102025 Minutes October Monthly Meeting Full Council.pdf,plenary_minutes,reserved_veto_s183,reserved,4,text
Kildare,300625 Minutes June Full Council.pdf,plenary_minutes,reserved_veto_s183,reserved,4,text
Kildare,300625 Minutes June Full Council.pdf,plenary_minutes,exec_noted_annual,executive,3,text
Kildare,26052025 Minutes May Full Council.pdf,plenary_minutes,reserved_veto_s183,reserved,3,text
Kildare,26052025 Minutes May Full Council.pdf,plenary_minutes,reserved_veto_part8,reserved,1,text
Kildare,26052025 Minutes May Full Council.pdf,plenary_minutes,exec_noted_annual,executive,1,text
Kildare,280425 Minutes April Full Council.pdf,plenary_minutes,reserved_real_lpt,reserved,23,text
Kildare,310325 Minutes Special Meeting Kilcullen Settlement Plan.pdf,plenary_minutes,reserved_real_devplan,reserved,67,text
Kildare,270125 Minutes Kilcullen Settlement Plan Meeting.pdf,plenary_minutes,reserved_real_devplan,reserved,44,text
Kildare,270125 Minutes Kilcullen Settlement Plan Meeting.pdf,plenary_minutes,reserved_veto_part8,reserved,2,text
Kilkenny,minutes-january-plenary-meeting-20012025.pdf,plenary_minutes,reserved_real_budget,reserved,1,text
Kilkenny,minutes-january-plenary-meeting-20012025.pdf,plenary_minutes,reserved_veto_s183,reserved,2,text
Kilkenny,minutes-january-plenary-meeting-20012025.pdf,plenary_minutes,reserved_veto_part8,reserved,6,text
Kilkenny,minutes-february-plenary-meeting-17022025.pdf,plenary_minutes,reserved_real_budget,reserved,1,text
Kilkenny,minutes-february-plenary-meeting-17022025.pdf,plenary_minutes,reserved_real_devplan,reserved,1,text
Kilkenny,minutes-february-plenary-meeting-17022025.pdf,plenary_minutes,reserved_veto_s183,reserved,3,text
Kilkenny,minutes-march-plenary-meeting-24032025.pdf,plenary_minutes,reserved_real_budget,reserved,1,text
Kilkenny,minutes-march-plenary-meeting-24032025.pdf,plenary_minutes,reserved_real_devplan,reserved,3,text
Kilkenny,minutes-march-plenary-meeting-24032025.pdf,plenary_minutes,reserved_veto_s183,reserved,1,text
Kilkenny,minutes-march-plenary-meeting-24032025.pdf,plenary_minutes,reserved_veto_part8,reserved,4,text
Kilkenny,minutes-march-plenary-meeting-24032025.pdf,plenary_minutes,exec_noted_annual,executive,3,text
Kilkenny,3-minutes-april-plenary-meeting-28-04-2025.pdf,plenary_minutes,reserved_veto_s183,reserved,1,text
Kilkenny,3-minutes-april-plenary-meeting-28-04-2025.pdf,plenary_minutes,exec_noted_annual,executive,1,text
Kilkenny,3-minutes-may-plenary-meeting-19052025.pdf,plenary_minutes,reserved_veto_s183,reserved,1,text
Kilkenny,3-minutes-may-plenary-meeting-19052025.pdf,plenary_minutes,reserved_veto_part8,reserved,4,text
Kilkenny,3-minutes-july-plenary-meeting-21072025.pdf,plenary_minutes,reserved_veto_s183,reserved,7,text
Kilkenny,3-minutes-july-plenary-meeting-21072025.pdf,plenary_minutes,reserved_veto_part8,reserved,4,text
Kilkenny,3-minutes-september-plenary-meeting-15-09-2029.pdf,plenary_minutes,reserved_real_budget,reserved,2,text
Kilkenny,3-minutes-september-plenary-meeting-15-09-2029.pdf,plenary_minutes,reserved_real_devplan,reserved,1,text
Kilkenny,3-minutes-september-plenary-meeting-15-09-2029.pdf,plenary_minutes,reserved_veto_s183,reserved,8,text
Kilkenny,3-minutes-september-plenary-meeting-15-09-2029.pdf,plenary_minutes,reserved_veto_part8,reserved,8,text
Kilkenny,3-minutes-statutory-budget-meeting-03-11-2025.pdf,plenary_minutes,reserved_real_budget,reserved,3,text
Kilkenny,3-minutes-statutory-budget-meeting-03-11-2025.pdf,plenary_minutes,reserved_real_rates,reserved,1,text
Kilkenny,3-minutes-november-plenary-meeting-17-11-2025.pdf,plenary_minutes,reserved_real_budget,reserved,2,text
Kilkenny,3-minutes-november-plenary-meeting-17-11-2025.pdf,plenary_minutes,reserved_veto_s183,reserved,2,text
Kilkenny,3-minutes-december-plenary-meeting-15-12-2025.pdf,plenary_minutes,reserved_real_devplan,reserved,3,text
Kilkenny,3-minutes-december-plenary-meeting-15-12-2025.pdf,plenary_minutes,reserved_veto_s183,reserved,3,text
Kilkenny,3-minutes-january-plenary-meeting-19-01-2026.pdf,plenary_minutes,reserved_real_devplan,reserved,2,text
Kilkenny,3-minutes-january-plenary-meeting-19-01-2026.pdf,plenary_minutes,reserved_veto_s183,reserved,2,text
Kilkenny,3-minutes-january-plenary-meeting-19-01-2026.pdf,plenary_minutes,reserved_veto_part8,reserved,4,text
Kilkenny,3-minutes-february-plenary-meeting-16-02-2026.pdf,plenary_minutes,reserved_real_budget,reserved,1,text
Kilkenny,3-minutes-february-plenary-meeting-16-02-2026.pdf,plenary_minutes,reserved_real_devplan,reserved,7,text
Kilkenny,3-minutes-february-plenary-meeting-16-02-2026.pdf,plenary_minutes,reserved_veto_s183,reserved,3,text
Kilkenny,3-minutes-february-plenary-meeting-16-02-2026.pdf,plenary_minutes,reserved_veto_part8,reserved,4,text
Kilkenny,3-minutes-april-plenary-meeting-20-04-2026.pdf,plenary_minutes,reserved_real_devplan,reserved,1,text
Kilkenny,3-minutes-april-plenary-meeting-20-04-2026.pdf,plenary_minutes,reserved_veto_s183,reserved,5,text
Kilkenny,3-minutes-april-plenary-meeting-20-04-2026.pdf,plenary_minutes,reserved_veto_part8,reserved,12,text
Kilkenny,3-minutes-april-plenary-meeting-20-04-2026.pdf,plenary_minutes,exec_noted_annual,executive,3,text
Kilkenny,3-minutes-may-plenary-meeting-18-05-2026.pdf,plenary_minutes,reserved_real_devplan,reserved,1,text
Kilkenny,3-minutes-may-plenary-meeting-18-05-2026.pdf,plenary_minutes,reserved_veto_s183,reserved,2,text
Monaghan,Draft-Council-Mtg-Minutes-13-April-2026.pdf,plenary_minutes,reserved_veto_s183,reserved,15,text
Monaghan,Draft-Council-Mtg-Minutes-13-April-2026.pdf,plenary_minutes,reserved_veto_part8,reserved,4,text
Monaghan,Draft-Council-Mtg-Minutes-02-March-2026.pdf,plenary_minutes,reserved_veto_s183,reserved,4,text
Monaghan,Draft-Council-Mtg-Minutes-02-March-2026.pdf,plenary_minutes,reserved_veto_part8,reserved,9,text
Monaghan,Draft-Council-Mtg-Minutes-02-March-2026.pdf,plenary_minutes,exec_noted_annual,executive,1,text
Monaghan,Draft-Council-Mtg-Minutes-09-Feb-2026.pdf,plenary_minutes,reserved_real_lpt,reserved,2,text
Monaghan,Draft-Council-Mtg-Minutes-09-Feb-2026.pdf,plenary_minutes,reserved_veto_s183,reserved,7,text
Waterford,Draft-Minutes-Plenary-Meeting-10-10-2024.pdf,plenary_minutes,reserved_real_lpt,reserved,13,text
Waterford,Draft-Minutes-Plenary-Meeting-10-10-2024.pdf,plenary_minutes,reserved_super_matcontra,reserved,3,text
Cork City,minutes-council-meeting-13-04-2026.pdf,plenary_minutes,reserved_real_lpt,reserved,1,text
Cork City,minutes-council-meeting-13-04-2026.pdf,plenary_minutes,reserved_veto_part8,reserved,9,text
Cork City,minutes-council-meeting-13-04-2026.pdf,plenary_minutes,exec_noted_annual,executive,1,text
Cork City,05-minutes-council-meeting-09032026.pdf,plenary_minutes,reserved_veto_part8,reserved,3,text
Cork City,minutes-council-meeting-09-02-26.pdf,plenary_minutes,reserved_real_devplan,reserved,1,text
Cork City,minutes-council-meeting-09-02-26.pdf,plenary_minutes,reserved_veto_part8,reserved,10,text
Cork City,minutes-council-meeting-08-12-25.pdf,plenary_minutes,reserved_veto_part8,reserved,3,text
Cork City,052-minutes-budget-meeting-12112025.pdf,plenary_minutes,reserved_real_budget,reserved,1,text
Cork City,052-minutes-budget-meeting-12112025.pdf,plenary_minutes,reserved_real_rates,reserved,2,text
Cork City,minutes-council-meeting-10-11-25.pdf,plenary_minutes,reserved_real_devplan,reserved,1,text
Cork City,minutes-council-meeting-10-11-25.pdf,plenary_minutes,reserved_veto_part8,reserved,4,text
Cork City,minutes-council-meeting-13-10-25.pdf,plenary_minutes,reserved_veto_s183,reserved,1,text
Cork City,minutes-council-meeting-13-10-25.pdf,plenary_minutes,reserved_veto_part8,reserved,12,text
Cork City,minutes-council-meeting-08-09-25.pdf,plenary_minutes,reserved_real_devplan,reserved,1,text
Cork City,minutes-council-meeting-08-09-25.pdf,plenary_minutes,reserved_veto_part8,reserved,16,text
Cork City,minutes-council-meeting-14-07-25.pdf,plenary_minutes,reserved_real_devplan,reserved,2,text
Cork City,minutes-council-meeting-14-07-25.pdf,plenary_minutes,reserved_veto_s183,reserved,1,text
Cork City,minutes-council-meeting-14-07-25.pdf,plenary_minutes,reserved_veto_part8,reserved,7,text
Cork City,minutes-council-meeting-14-07-25.pdf,plenary_minutes,requisition_s140,reserved,2,text
Cork City,minutes-council-meeting-09-06-25.pdf,plenary_minutes,reserved_veto_part8,reserved,15,text
Cork City,minutes-council-meeting-12-05-2025.pdf,plenary_minutes,reserved_veto_part8,reserved,3,text
Cork City,minutes-council-meeting-14-04-25.pdf,plenary_minutes,reserved_veto_part8,reserved,7,text
Cork City,minutes-council-meeting-10-03-25.pdf,plenary_minutes,reserved_veto_part8,reserved,7,text
Cork City,minutes-council-meeting-13-01-25.pdf,plenary_minutes,reserved_veto_part8,reserved,1,text
Cork City,minutes-council-meeting-09-12-24.pdf,plenary_minutes,reserved_veto_s183,reserved,1,text
Cork City,minutes-council-meeting-09-12-24.pdf,plenary_minutes,reserved_veto_part8,reserved,4,text
Cork City,051-minutes-budget-meeting-04122024.pdf,plenary_minutes,reserved_real_budget,reserved,1,text
Cork City,051-minutes-budget-meeting-04122024.pdf,plenary_minutes,reserved_real_rates,reserved,2,text
Cork City,minutes-council-meeting-11-11-24.pdf,plenary_minutes,reserved_veto_part8,reserved,2,text
Cork City,minutes-council-meeting-14-10-24.pdf,plenary_minutes,reserved_real_lpt,reserved,4,text
Cork City,minutes-council-meeting-14-10-24.pdf,plenary_minutes,reserved_veto_part8,reserved,12,text
Cork City,minutes-council-meeting-13-05-24.pdf,plenary_minutes,reserved_veto_part8,reserved,5,text
Cork City,minutes-council-meeting-13-05-24.pdf,plenary_minutes,exec_noted_annual,executive,1,text
Cork City,minutes-council-meeting-11-03-24.pdf,plenary_minutes,reserved_veto_part8,reserved,3,text
Cork City,minutes-council-meeting-11-03-24.pdf,plenary_minutes,requisition_s140,reserved,1,text
Cork City,minutes-special-meeting-20-02-24.pdf,plenary_minutes,requisition_s140,reserved,2,text
Cork City,minutes-council-meeting-12-02-24.pdf,plenary_minutes,reserved_veto_part8,reserved,7,text
Cork City,minutes-council-meeting-08-01-24.pdf,plenary_minutes,reserved_veto_part8,reserved,1,text
Cork County,full-council-meeting-minutes-25-05-2026_0.pdf,plenary_minutes,reserved_veto_s183,reserved,3,text
Cork County,full-council-meeting-minutes-25-05-2026_0.pdf,plenary_minutes,reserved_veto_part8,reserved,4,text
Carlow,Minutes%20Carlow%20County%20Council%20April%202026.pdf,plenary_minutes,reserved_real_devplan,reserved,3,text
Carlow,Minutes%20Carlow%20County%20Council%20April%202026.pdf,plenary_minutes,reserved_veto_s183,reserved,11,text
Carlow,Minutes%20Carlow%20County%20Council%20April%202026.pdf,plenary_minutes,reserved_veto_part8,reserved,2,text
Carlow,Minutes%20Carlow%20County%20Council%20April%202026.pdf,plenary_minutes,exec_noted_mgmt,executive,1,text
Carlow,Minutes%20Carlow%20County%20Council%20March%202026.pdf,plenary_minutes,reserved_real_devplan,reserved,5,text
Carlow,Minutes%20Carlow%20County%20Council%20March%202026.pdf,plenary_minutes,reserved_super_matcontra,reserved,1,text
Carlow,Minutes%20Carlow%20County%20Council%20March%202026.pdf,plenary_minutes,exec_noted_mgmt,executive,2,text
Carlow,Minutes%20Carlow%20County%20Council%20December%202025.pdf,plenary_minutes,reserved_real_budget,reserved,2,text
Carlow,Minutes%20Carlow%20County%20Council%20December%202025.pdf,plenary_minutes,reserved_veto_s183,reserved,4,text
Carlow,Minutes%20Carlow%20County%20Council%20December%202025.pdf,plenary_minutes,reserved_veto_part8,reserved,2,text
Kildare,220925 Minutes September Full Council (1).pdf,plenary_minutes,reserved_real_devplan,reserved,1,text
Kildare,220925 Minutes September Full Council (1).pdf,plenary_minutes,reserved_real_lpt,reserved,3,text
Kildare,220925 Minutes September Full Council (1).pdf,plenary_minutes,reserved_veto_part8,reserved,2,text
Kildare,280725 Minutes July Full Council.pdf,plenary_minutes,reserved_real_lpt,reserved,15,text
Kildare,280725 Minutes July Full Council.pdf,plenary_minutes,reserved_real_rates,reserved,3,text
Kildare,310325 Minutes March Full Council.pdf,plenary_minutes,reserved_real_lpt,reserved,2,text
Kilkenny,3-minutes-march-plenary-meeting-23-03-2026.pdf,plenary_minutes,reserved_real_devplan,reserved,4,text
Kilkenny,3-minutes-march-plenary-meeting-23-03-2026.pdf,plenary_minutes,reserved_veto_s183,reserved,1,text
Kilkenny,3-minutes-march-plenary-meeting-23-03-2026.pdf,plenary_minutes,reserved_veto_part8,reserved,1,text
Waterford,1a-Plenary-Minutes-11.04.2024-1.pdf,plenary_minutes,exec_noted_annual,executive,1,text
Waterford,1a-Plenary-Minutes-14-03-2024.pdf,plenary_minutes,reserved_real_devplan,reserved,1,text
Waterford,1a-Plenary-Minutes-14-03-2024.pdf,plenary_minutes,reserved_veto_s183,reserved,1,text
Waterford,1a-Plenary-Minutes-14-03-2024.pdf,plenary_minutes,reserved_super_matcontra,reserved,3,text
Cork City,minutes-council-meeting-08-04-24.pdf,plenary_minutes,reserved_veto_s183,reserved,2,text
Cork City,minutes-council-meeting-08-04-24.pdf,plenary_minutes,reserved_veto_part8,reserved,1,text
Galway City,220523_01_Minutes.pdf,plenary_minutes,reserved_veto_part8,reserved,6,ocr_winocr
Galway City,080523_01_Minutes.pdf,plenary_minutes,reserved_veto_part8,reserved,3,ocr_winocr
Galway City,240423_01_Minutes.pdf,plenary_minutes,reserved_veto_part8,reserved,1,ocr_winocr
Galway City,170423_01_Minutes.pdf,plenary_minutes,reserved_veto_s183,reserved,3,ocr_winocr
Galway City,170423_01_Minutes.pdf,plenary_minutes,reserved_veto_part8,reserved,2,ocr_winocr
Galway City,170423_01_Minutes.pdf,plenary_minutes,exec_noted_annual,executive,2,ocr_winocr
Galway City,131221_01_Minutes.pdf,plenary_minutes,reserved_veto_s183,reserved,4,ocr_winocr
Galway City,221121_01_Minutes.pdf,plenary_minutes,reserved_real_budget,reserved,3,ocr_winocr
Galway City,221121_01_Minutes.pdf,plenary_minutes,reserved_real_rates,reserved,2,ocr_winocr
Galway City,111021_01_Minutes.pdf,plenary_minutes,reserved_veto_part8,reserved,9,ocr_winocr
Galway City,130921_01_Minutes.pdf,plenary_minutes,reserved_veto_s183,reserved,2,ocr_winocr
Galway City,130921_01_Minutes.pdf,plenary_minutes,reserved_super_matcontra,reserved,4,ocr_winocr
Galway City,120721_01_Minutes.pdf,plenary_minutes,reserved_real_lpt,reserved,16,ocr_winocr
Galway City,120721_01_Minutes.pdf,plenary_minutes,reserved_veto_s183,reserved,5,ocr_winocr
Galway City,140621_01_Minutes.pdf,plenary_minutes,reserved_real_lpt,reserved,1,ocr_winocr
Galway City,140621_01_Minutes.pdf,plenary_minutes,reserved_veto_s183,reserved,15,ocr_winocr
Galway City,100521_01_Minutes.pdf,plenary_minutes,exec_noted_mgmt,executive,1,ocr_winocr
Galway City,100521_01_Minutes.pdf,plenary_minutes,exec_noted_annual,executive,1,ocr_winocr
Galway City,190421_01_Minutes.pdf,plenary_minutes,reserved_real_lpt,reserved,4,ocr_winocr
Galway City,190421_01_Minutes.pdf,plenary_minutes,reserved_veto_s183,reserved,4,ocr_winocr
Galway City,120421_01_Minutes.pdf,plenary_minutes,reserved_real_lpt,reserved,3,ocr_winocr
Galway City,120421_01_Minutes.pdf,plenary_minutes,reserved_veto_s183,reserved,4,ocr_winocr
Galway City,120421_01_Minutes.pdf,plenary_minutes,exec_noted_annual,executive,1,ocr_winocr
Galway City,080321_01_Minutes.pdf,plenary_minutes,reserved_real_lpt,reserved,3,ocr_winocr
Galway City,080321_01_Minutes.pdf,plenary_minutes,reserved_veto_s183,reserved,2,ocr_winocr
Galway City,080221_01_Minutes.pdf,plenary_minutes,reserved_real_devplan,reserved,4,ocr_winocr
Galway City,080221_01_Minutes.pdf,plenary_minutes,reserved_real_lpt,reserved,3,ocr_winocr
Galway City,080221_01_Minutes.pdf,plenary_minutes,reserved_veto_part8,reserved,1,ocr_winocr
Galway City,110121_01_Minutes.pdf,plenary_minutes,reserved_real_lpt,reserved,3,ocr_winocr
Galway City,110121_01_Minutes.pdf,plenary_minutes,reserved_veto_part8,reserved,4,ocr_winocr
Galway City,141220_01_Minutes.pdf,plenary_minutes,reserved_real_budget,reserved,1,ocr_winocr
Galway City,141220_01_Minutes.pdf,plenary_minutes,reserved_real_lpt,reserved,3,ocr_winocr
Galway City,141220_01_Minutes.pdf,plenary_minutes,reserved_veto_s183,reserved,4,ocr_winocr
Galway City,141220_01_Minutes.pdf,plenary_minutes,reserved_veto_part8,reserved,4,ocr_winocr
Galway City,301120_01_Minutes.pdf,plenary_minutes,reserved_real_budget,reserved,6,ocr_winocr
Galway City,301120_01_Minutes.pdf,plenary_minutes,reserved_real_lpt,reserved,1,ocr_winocr
Galway City,301120_01_Minutes.pdf,plenary_minutes,reserved_real_rates,reserved,4,ocr_winocr
Galway City,301120_01_Minutes.pdf,plenary_minutes,reserved_veto_part8,reserved,1,ocr_winocr
Galway City,091120_01_Minutes.pdf,plenary_minutes,reserved_real_lpt,reserved,3,ocr_winocr
Galway City,091120_01_Minutes.pdf,plenary_minutes,reserved_veto_part8,reserved,2,ocr_winocr
Galway City,121020_01_Minutes.pdf,plenary_minutes,reserved_veto_part8,reserved,2,ocr_winocr
Galway City,140920_01_Minutes.pdf,plenary_minutes,reserved_real_lpt,reserved,13,ocr_winocr
Galway City,140920_01_Minutes.pdf,plenary_minutes,reserved_veto_s183,reserved,1,ocr_winocr
Galway City,140920_01_Minutes.pdf,plenary_minutes,reserved_veto_part8,reserved,4,ocr_winocr
Galway City,130720_01_Minutes.pdf,plenary_minutes,reserved_real_lpt,reserved,1,ocr_winocr
Galway City,130720_01_Minutes.pdf,plenary_minutes,reserved_veto_s183,reserved,3,ocr_winocr
Galway City,130720_01_Minutes.pdf,plenary_minutes,reserved_veto_part8,reserved,2,ocr_winocr
Galway City,080620_01_Minutes.pdf,plenary_minutes,reserved_real_budget,reserved,1,ocr_winocr
Galway City,080620_01_Minutes.pdf,plenary_minutes,reserved_veto_part8,reserved,5,ocr_winocr
Galway City,090320_01_Minutes.pdf,plenary_minutes,reserved_veto_s183,reserved,7,ocr_winocr
Galway City,100220_01_Minutes.pdf,plenary_minutes,reserved_veto_s183,reserved,2,ocr_winocr
Galway City,200120_01_Minutes.pdf,plenary_minutes,reserved_veto_s183,reserved,5,ocr_winocr
Galway City,200120_01_Minutes.pdf,plenary_minutes,reserved_veto_part8,reserved,1,ocr_winocr
Galway County,Minutes%2027.04.2026.pdf,plenary_minutes,reserved_real_lpt,reserved,3,ocr_winocr
Galway County,Minutes%2027.04.2026.pdf,plenary_minutes,exec_noted_mgmt,executive,2,ocr_winocr
Galway County,Minutes%2023.03.26.pdf,plenary_minutes,reserved_real_budget,reserved,1,ocr_winocr
Galway County,Minutes%2023.03.26.pdf,plenary_minutes,exec_noted_mgmt,executive,2,ocr_winocr
Galway County,Miontuairisc%C3%AD%20-%20Minutes%2023.02.26.pdf,plenary_minutes,reserved_veto_part8,reserved,2,ocr_winocr
Galway County,Miontuairisc%C3%AD%20-%20Minutes%2023.02.26.pdf,plenary_minutes,exec_noted_mgmt,executive,1,ocr_winocr
Galway County,Miontuairisc%C3%AD%20Speisialta%2016.02.2026%20-%20Special%20Minutes%2016.02.202,plenary_minutes,reserved_real_devplan,reserved,2,ocr_winocr
Galway County,Miontuairisc%C3%AD%20Speisialta%2016.02.2026%20-%20Special%20Minutes%2016.02.202,plenary_minutes,reserved_real_rates,reserved,1,ocr_winocr
Galway County,Miontuairisc%C3%AD%20Speisialta%2016.02.2026%20-%20Special%20Minutes%2016.02.202,plenary_minutes,exec_noted_mgmt,executive,1,ocr_winocr
Louth,LCC_MB_1_006.pdf,plenary_minutes,reserved_real_rates,reserved,1,ocr_winocr
Louth,LCC_MB_4_6.pdf,plenary_minutes,reserved_real_rates,reserved,7,ocr_winocr
Louth,LCC_MB_6_2.pdf,plenary_minutes,reserved_real_rates,reserved,2,ocr_winocr
Galway County,Minutes%2025.05.2026_0.pdf,plenary_minutes,reserved_veto_s183,reserved,13,ocr_winocr
Galway County,Minutes%2025.05.2026_0.pdf,plenary_minutes,exec_noted_mgmt,executive,2,ocr_winocr
Kilkenny,june-plenary-meetng-16th-june.pdf,plenary_minutes,reserved_veto_s183,reserved,2,ocr_winocr
Kilkenny,june-plenary-meetng-16th-june.pdf,plenary_minutes,reserved_veto_part8,reserved,5,ocr_winocr
Galway City,120623_01_Minutes.pdf,plenary_minutes,reserved_veto_part8,reserved,2,ocr_winocr
Galway City,120623_01_Minutes.pdf,plenary_minutes,exec_noted_annual,executive,1,ocr_winocr
Louth,louth-co-council-mb-copy-volume-10.pdf,plenary_minutes,reserved_real_rates,reserved,1,ocr_winocr
Clare,minutes-the-june-2026-monthly-meeting-clare-county-council,plenary_minutes,reserved_real_devplan,reserved,1,html
Clare,minutes-the-june-2026-monthly-meeting-clare-county-council,plenary_minutes,reserved_veto_s183,reserved,6,html
Clare,minutes-the-june-2026-monthly-meeting-clare-county-council,plenary_minutes,reserved_veto_part8,reserved,8,html
Clare,minutes-the-june-2026-monthly-meeting-clare-county-council,plenary_minutes,exec_noted_mgmt,executive,2,html
Clare,minutes-the-june-2026-monthly-meeting-clare-county-council,plenary_minutes,exec_noted_annual,executive,1,html
Clare,minutes-may-monthly-meeting-clare-county-council,plenary_minutes,exec_noted_annual,executive,1,html
Clare,minutes-april-2026-monthly-meeting-clare-county-council,plenary_minutes,reserved_veto_s183,reserved,16,html
Clare,minutes-april-2026-monthly-meeting-clare-county-council,plenary_minutes,reserved_veto_part8,reserved,2,html
Clare,minutes-april-2026-monthly-meeting-clare-county-council,plenary_minutes,exec_noted_annual,executive,2,html
Clare,minutes-march-2026-monthly-meeting-clare-county-council,plenary_minutes,reserved_veto_s183,reserved,4,html
Clare,minutes-march-2026-monthly-meeting-clare-county-council,plenary_minutes,reserved_veto_part8,reserved,1,html
Clare,minutes-february-2026-monthly-meeting-clare-county-council,plenary_minutes,reserved_real_devplan,reserved,1,html
Clare,minutes-february-2026-monthly-meeting-clare-county-council,plenary_minutes,reserved_veto_s183,reserved,12,html
Clare,minutes-february-2026-monthly-meeting-clare-county-council,plenary_minutes,reserved_veto_part8,reserved,3,html
Clare,minutes-january-2026-monthly-meeting-clare-county-council,plenary_minutes,reserved_real_budget,reserved,2,html
Clare,minutes-december-2025-monthly-meeting-clare-county-council,plenary_minutes,reserved_veto_s183,reserved,4,html
Clare,minutes-december-2025-monthly-meeting-clare-county-council,plenary_minutes,reserved_super_matcontra,reserved,3,html
Clare,minutes-budget-2026-meeting-clare-county-council,plenary_minutes,reserved_real_budget,reserved,2,html
Clare,minutes-budget-2026-meeting-clare-county-council,plenary_minutes,reserved_real_lpt,reserved,1,html
Clare,minutes-budget-2026-meeting-clare-county-council,plenary_minutes,reserved_real_rates,reserved,2,html
Clare,minutes-november-2025-monthly-meeting-clare-county-council,plenary_minutes,reserved_real_devplan,reserved,1,html
Clare,minutes-november-2025-monthly-meeting-clare-county-council,plenary_minutes,reserved_veto_part8,reserved,4,html
Clare,minutes-october-2025-monthly-meeting-clare-county-council,plenary_minutes,reserved_veto_s183,reserved,12,html
Clare,minutes-october-2025-monthly-meeting-clare-county-council,plenary_minutes,reserved_veto_part8,reserved,4,html
Clare,minutes-september-2025-adjourned-meeting-clare-county-council,plenary_minutes,reserved_veto_s183,reserved,27,html
Clare,minutes-september-2025-adjourned-meeting-clare-county-council,plenary_minutes,reserved_veto_part8,reserved,8,html
Clare,minutes-july-2025-monthly-meeting-clare-county-council,plenary_minutes,exec_noted_mgmt,executive,2,html
Clare,minutes-june-2025-monthly-meeting-clare-county-council,plenary_minutes,reserved_veto_s183,reserved,12,html
Clare,minutes-june-2025-monthly-meeting-clare-county-council,plenary_minutes,reserved_veto_part8,reserved,4,html
Clare,minutes-june-2025-monthly-meeting-clare-county-council,plenary_minutes,exec_noted_annual,executive,1,html
Clare,2817,plenary_minutes,reserved_veto_s183,reserved,12,html
Clare,2817,plenary_minutes,reserved_veto_part8,reserved,4,html
Clare,2817,plenary_minutes,exec_noted_annual,executive,2,html
Clare,2814,plenary_minutes,reserved_veto_part8,reserved,8,html
Clare,2808,plenary_minutes,reserved_veto_s183,reserved,4,html
Clare,2807,plenary_minutes,reserved_veto_s183,reserved,4,html
Clare,2807,plenary_minutes,reserved_veto_part8,reserved,1,html
Clare,2802,plenary_minutes,reserved_real_budget,reserved,1,html
Clare,2802,plenary_minutes,reserved_veto_s183,reserved,9,html
Clare,2802,plenary_minutes,reserved_veto_part8,reserved,4,html
Clare,2801,plenary_minutes,reserved_real_budget,reserved,3,html
Clare,2801,plenary_minutes,reserved_real_lpt,reserved,6,html
Clare,2801,plenary_minutes,reserved_real_rates,reserved,3,html
Clare,2800,plenary_minutes,reserved_veto_s183,reserved,4,html
Clare,2800,plenary_minutes,reserved_veto_part8,reserved,4,html
Clare,2787,plenary_minutes,reserved_real_lpt,reserved,16,html
Clare,2787,plenary_minutes,reserved_veto_s183,reserved,8,html
Clare,2787,plenary_minutes,reserved_veto_part8,reserved,18,html
Clare,2783,plenary_minutes,reserved_veto_part8,reserved,4,html
Clare,2782,plenary_minutes,reserved_veto_part8,reserved,4,html
Clare,2782,plenary_minutes,exec_noted_annual,executive,1,html
Donegal,minutes-july-meeting-220724.pdf,plenary_minutes,reserved_real_devplan,reserved,1,text
Donegal,minutes-july-meeting-220724.pdf,plenary_minutes,reserved_real_lpt,reserved,2,text
Donegal,minutes-july-meeting-220724.pdf,plenary_minutes,reserved_veto_part8,reserved,2,text
Donegal,minutes-special-meeting-220125-2.pdf,plenary_minutes,reserved_veto_part8,reserved,1,text
Donegal,minutes-july-meeting-210725.pdf,plenary_minutes,reserved_real_budget,reserved,1,text
Donegal,minutes-july-meeting-210725.pdf,plenary_minutes,reserved_veto_s183,reserved,3,text
Donegal,minutes-july-meeting-210725.pdf,plenary_minutes,reserved_veto_part8,reserved,5,text
Donegal,minutes-september-plenary-290925.pdf,plenary_minutes,reserved_veto_s183,reserved,3,text
Donegal,minutes-september-plenary-290925.pdf,plenary_minutes,reserved_veto_part8,reserved,5,text
Donegal,minutes-annual-budget-meeting-211125.pdf,plenary_minutes,reserved_real_budget,reserved,1,text
Donegal,minutes-annual-budget-meeting-211125.pdf,plenary_minutes,reserved_real_lpt,reserved,1,text
Donegal,minutes-november-plenary-241125.pdf,plenary_minutes,reserved_real_devplan,reserved,1,text
Donegal,minutes-november-plenary-241125.pdf,plenary_minutes,reserved_veto_s183,reserved,5,text
Donegal,minutes-november-plenary-241125.pdf,plenary_minutes,reserved_veto_part8,reserved,4,text
Donegal,minutes-adjourned-budget-meeting-041225.pdf,plenary_minutes,reserved_real_budget,reserved,1,text
Donegal,minutes-adjourned-budget-meeting-041225.pdf,plenary_minutes,reserved_real_lpt,reserved,2,text
Donegal,minutes-adjourned-budget-meeting-041225.pdf,plenary_minutes,reserved_real_rates,reserved,1,text
Donegal,minutes-january-meeting-260126.pdf,plenary_minutes,reserved_veto_s183,reserved,3,text
Donegal,minutes-january-meeting-260126.pdf,plenary_minutes,reserved_veto_part8,reserved,4,text
Donegal,minutes-special-meeting-110226.pdf,plenary_minutes,reserved_veto_part8,reserved,3,text
Donegal,minutes-march-plenary-meeting-300326.pdf,plenary_minutes,reserved_real_budget,reserved,1,text
Donegal,minutes-march-plenary-meeting-300326.pdf,plenary_minutes,reserved_veto_s183,reserved,11,text
Donegal,minutes-march-plenary-meeting-300326.pdf,plenary_minutes,reserved_veto_part8,reserved,3,text
Donegal,minutes-special-plenary-meeting-150426.pdf,plenary_minutes,reserved_veto_part8,reserved,3,text
Donegal,minutes-july-meeting-250526.pdf,plenary_minutes,reserved_real_budget,reserved,2,text
Donegal,minutes-july-meeting-250526.pdf,plenary_minutes,reserved_veto_s183,reserved,11,text
Galway City,091219_01_Minutes.pdf,plenary_minutes,reserved_veto_s183,reserved,8,ocr_winocr
Galway City,091219_01_Minutes.pdf,plenary_minutes,reserved_veto_part8,reserved,1,ocr_winocr
Galway City,111119_01_Minutes.pdf,plenary_minutes,reserved_real_budget,reserved,6,ocr_winocr
Galway City,111119_01_Minutes.pdf,plenary_minutes,reserved_real_lpt,reserved,2,ocr_winocr
Galway City,111119_01_Minutes.pdf,plenary_minutes,reserved_real_rates,reserved,5,ocr_winocr
Galway City,141019_01_Special%20Minutes.pdf,plenary_minutes,requisition_s140,reserved,2,ocr_winocr
Galway City,090919_01_Minutes.pdf,plenary_minutes,reserved_real_devplan,reserved,1,ocr_winocr
Galway City,090919_01_Minutes.pdf,plenary_minutes,reserved_real_lpt,reserved,10,ocr_winocr
Galway City,090919_01_Minutes.pdf,plenary_minutes,reserved_veto_s183,reserved,5,ocr_winocr
Galway City,090919_01_Minutes.pdf,plenary_minutes,requisition_s140,reserved,2,ocr_winocr
Galway City,080719_01_Minutes.pdf,plenary_minutes,reserved_veto_s183,reserved,2,ocr_winocr
Galway City,080719_01_Minutes.pdf,plenary_minutes,reserved_veto_part8,reserved,1,ocr_winocr
Galway City,160419_01_Minutes.pdf,plenary_minutes,reserved_veto_s183,reserved,1,ocr_winocr
Galway City,160419_01_Minutes.pdf,plenary_minutes,reserved_veto_part8,reserved,7,ocr_winocr
Galway City,080419_01_Minutes.pdf,plenary_minutes,reserved_veto_s183,reserved,1,ocr_winocr
Galway City,080419_01_Minutes.pdf,plenary_minutes,reserved_veto_part8,reserved,5,ocr_winocr
Galway City,040219_01_Minutes.pdf,plenary_minutes,reserved_veto_part8,reserved,1,ocr_winocr
Galway City,140119_01_Minutes.pdf,plenary_minutes,reserved_real_devplan,reserved,1,ocr_winocr
Galway City,140119_01_Minutes.pdf,plenary_minutes,reserved_veto_s183,reserved,2,ocr_winocr
Galway City,101218_01_Minutes.pdf,plenary_minutes,reserved_veto_s183,reserved,4,ocr_winocr
Galway City,Adopted%20Minutes%20Special%20Meeting%2026th%20November%202018.pdf,plenary_minutes,reserved_veto_part8,reserved,2,ocr_winocr
Galway City,Adopted%20Minutes%20Statutory%20Budget%20Meeting%2019th%20November%202018.pdf,plenary_minutes,reserved_real_budget,reserved,3,ocr_winocr
Galway City,Adopted%20Minutes%20Statutory%20Budget%20Meeting%2019th%20November%202018.pdf,plenary_minutes,reserved_real_lpt,reserved,2,ocr_winocr
Galway City,Adopted%20Minutes%20Statutory%20Budget%20Meeting%2019th%20November%202018.pdf,plenary_minutes,reserved_real_rates,reserved,5,ocr_winocr
Galway City,121118_01_Minutes.pdf,plenary_minutes,reserved_veto_s183,reserved,2,ocr_winocr
Galway City,121118_01_Minutes.pdf,plenary_minutes,reserved_veto_part8,reserved,1,ocr_winocr
Galway City,Adopted%20Minutes%20Ordinary%20Meeting%2010th%20September%202018.pdf,plenary_minutes,reserved_real_budget,reserved,1,ocr_winocr
Galway City,Adopted%20Minutes%20Ordinary%20Meeting%2010th%20September%202018.pdf,plenary_minutes,reserved_real_lpt,reserved,10,ocr_winocr
Galway City,Adopted%20Minutes%20Ordinary%20Meeting%2010th%20September%202018.pdf,plenary_minutes,reserved_veto_part8,reserved,3,ocr_winocr
Galway City,Adopted%20Minutes%20Ordinary%20Meeting%209th%20July%202018.pdf,plenary_minutes,reserved_veto_part8,reserved,1,ocr_winocr
Galway County,Minutes%2022.06.2026.pdf,plenary_minutes,exec_noted_mgmt,executive,2,ocr_winocr
Laois,Minutes%20Council%20Meeting%20June%202026_0.pdf,plenary_minutes,reserved_real_budget,reserved,2,text
Laois,Minutes%20Council%20Meeting%20June%202026_0.pdf,plenary_minutes,reserved_veto_s183,reserved,2,text
Laois,Minutes%20Council%20Meeting%20June%202026_0.pdf,plenary_minutes,reserved_veto_part8,reserved,2,text
Laois,Minutes%20Council%20Meeting%20May%202026.pdf,plenary_minutes,reserved_real_devplan,reserved,2,text
Laois,Minutes%20Council%20Meeting%20May%202026.pdf,plenary_minutes,reserved_veto_s183,reserved,2,text
Wexford,Council-Meeting-Minutes-28.03.2022.pdf,plenary_minutes,reserved_real_devplan,reserved,2,text
Wexford,Council-Meeting-Minutes-28.03.2022.pdf,plenary_minutes,reserved_veto_s183,reserved,3,text
Wexford,Council-Meeting-Minutes-28.03.2022.pdf,plenary_minutes,reserved_veto_part8,reserved,1,text
Wexford,Minutes_June_Meeting_Wexford_County_Council_08_06_26.pdf,plenary_minutes,reserved_veto_s183,reserved,3,text
Wexford,Minutes_June_Meeting_Wexford_County_Council_08_06_26.pdf,plenary_minutes,reserved_veto_part8,reserved,4,text
Wexford,Minutes_June_Meeting_Wexford_County_Council_08_06_26.pdf,plenary_minutes,exec_noted_annual,executive,1,text
Wexford,County_Council_Meeting_14_04_25_Minutes.pdf,plenary_minutes,reserved_veto_s183,reserved,6,text
Wexford,County_Council_Meeting_14_04_25_Minutes.pdf,plenary_minutes,reserved_veto_part8,reserved,2,text
Wexford,County_Council_Meeting_10_03_25_Minutes.pdf,plenary_minutes,reserved_veto_s183,reserved,2,text
Wexford,County_Council_Meeting_10_02_25_Minutes_0.pdf,plenary_minutes,reserved_veto_s183,reserved,4,text
Wexford,County_Council_Meeting_10_02_25_Minutes_0.pdf,plenary_minutes,reserved_super_matcontra,reserved,2,text
Wexford,County_Council_Meeting_10_02_25_Minutes_0.pdf,plenary_minutes,exec_noted_annual,executive,2,text
Wexford,County_Council_Meeting_09_12_24_Minutes.pdf,plenary_minutes,reserved_real_budget,reserved,2,text
Wexford,County_Council_Meeting_09_12_24_Minutes.pdf,plenary_minutes,reserved_real_lpt,reserved,1,text
Wexford,County_Council_Meeting_09_12_24_Minutes.pdf,plenary_minutes,reserved_veto_s183,reserved,4,text
Wexford,Statutory_Budget_Meeting_25_11_24_Minutes.pdf,plenary_minutes,reserved_real_budget,reserved,7,text
Wexford,Statutory_Budget_Meeting_25_11_24_Minutes.pdf,plenary_minutes,reserved_real_lpt,reserved,2,text
Wexford,Statutory_Budget_Meeting_25_11_24_Minutes.pdf,plenary_minutes,reserved_real_rates,reserved,5,text
Wexford,County_Council_Meeting_11_11_24_Minutes.pdf,plenary_minutes,reserved_real_lpt,reserved,3,text
Wexford,County_Council_Meeting_11_11_24_Minutes.pdf,plenary_minutes,reserved_veto_s183,reserved,6,text
Wexford,County_Council_Meeting_11_11_24_Minutes.pdf,plenary_minutes,reserved_veto_part8,reserved,2,text
Wexford,County_Council_Meeting_14_10_24_Minutes.pdf,plenary_minutes,reserved_real_lpt,reserved,4,text
Wexford,County_Council_Meeting_14_10_24_Minutes.pdf,plenary_minutes,reserved_veto_s183,reserved,6,text
Wexford,County_Council_20240909_%20Amended_Minutes.pdf,plenary_minutes,reserved_real_budget,reserved,2,text
Wexford,County_Council_20240909_%20Amended_Minutes.pdf,plenary_minutes,reserved_real_lpt,reserved,7,text
Wexford,County_Council_20240909_%20Amended_Minutes.pdf,plenary_minutes,reserved_veto_s183,reserved,7,text
Wexford,County_Council_20240909_%20Amended_Minutes.pdf,plenary_minutes,reserved_veto_part8,reserved,4,text
Wexford,County_Council%20_Meeting_Minutes_090924.pdf,plenary_minutes,reserved_real_budget,reserved,2,text
Wexford,County_Council%20_Meeting_Minutes_090924.pdf,plenary_minutes,reserved_real_lpt,reserved,7,text
Wexford,County_Council%20_Meeting_Minutes_090924.pdf,plenary_minutes,reserved_veto_s183,reserved,7,text
Wexford,County_Council%20_Meeting_Minutes_090924.pdf,plenary_minutes,reserved_veto_part8,reserved,4,text
Wexford,County_Council_Meeting_Mins_2024_07_08.pdf,plenary_minutes,reserved_veto_s183,reserved,7,text
Wexford,County_Council_Meeting_Mins_2024_07_08.pdf,plenary_minutes,reserved_veto_part8,reserved,2,text
Wexford,County%20Council%20Meeting%2013.05.24%20-%20Minutes%20Amended.pdf,plenary_minutes,reserved_veto_s183,reserved,4,text
Wexford,County%20Council%20Meeting%2013.05.24%20%20Minutes_0.pdf,plenary_minutes,reserved_veto_s183,reserved,4,text
Wexford,County%20Council%20Meeting%208.04.24%20-%20Minutes.pdf,plenary_minutes,reserved_veto_s183,reserved,10,text
Wexford,County%20Council%20Meeting%208.04.24%20-%20Minutes.pdf,plenary_minutes,reserved_veto_part8,reserved,3,text
Wexford,County%20Council%20Meeting%2011.03.24%20-%20Minutes.pdf,plenary_minutes,reserved_veto_s183,reserved,3,text
Wexford,County%20Council%20Meeting%2011.03.24%20-%20Minutes.pdf,plenary_minutes,reserved_veto_part8,reserved,4,text
Wexford,County%20Council%20Meeting%2012.02.24%20-%20Minutes.pdf,plenary_minutes,reserved_veto_s183,reserved,3,text
Wexford,County%20Council%20Meeting%2012.02.24%20-%20Minutes.pdf,plenary_minutes,reserved_veto_part8,reserved,3,text
Wexford,County%20Council%20Meeting%2012.02.24%20-%20Minutes.pdf,plenary_minutes,exec_noted_annual,executive,2,text
Wexford,County%20Council%20Meeting%2008.01.24%20-%20Minutes.docx.pdf,plenary_minutes,reserved_veto_s183,reserved,4,text
Wexford,County%20Council%20Meeting%2008.01.24%20-%20Minutes.docx.pdf,plenary_minutes,reserved_veto_part8,reserved,2,text
Wicklow,Minutes Ordinary 12th January 2026 s.pdf,plenary_minutes,reserved_veto_s183,reserved,2,ocr_winocr
Wicklow,Minutes Ordinary 2nd March 2026 s.pdf,plenary_minutes,reserved_veto_s183,reserved,3,ocr_winocr
Wicklow,Minutes Ordinary 2nd March 2026 s.pdf,plenary_minutes,reserved_veto_part8,reserved,1,ocr_winocr
Wicklow,minutes special 30th March 2026s.pdf,plenary_minutes,reserved_real_devplan,reserved,12,ocr_winocr
Wicklow,Minutes Ordinary 13th April 2026s.pdf,plenary_minutes,reserved_real_devplan,reserved,4,ocr_winocr
Wicklow,Minutes Ordinary 13th April 2026s.pdf,plenary_minutes,reserved_veto_s183,reserved,17,ocr_winocr
Wicklow,Minutes Ordinary 11th May 2026 s.pdf,plenary_minutes,reserved_veto_s183,reserved,3,ocr_winocr
Wicklow,Minutes Ordinary 8th June 2026s.pdf,plenary_minutes,reserved_veto_s183,reserved,9,ocr_winocr
Wicklow,Minutes Ordinary 13th January 2025.pdf,plenary_minutes,reserved_veto_s183,reserved,2,text
Wicklow,Minutes Ordinary 10th February 2025.pdf,plenary_minutes,reserved_real_devplan,reserved,5,text
Wicklow,Minutes Ordinary 3rd March 2025.pdf,plenary_minutes,reserved_real_devplan,reserved,5,text
Wicklow,Minutes Ordinary 3rd March 2025.pdf,plenary_minutes,reserved_veto_s183,reserved,5,text
Wicklow,Minutes Ordinary 3rd March 2025.pdf,plenary_minutes,reserved_veto_part8,reserved,2,text
Wicklow,Minutes Ordinary 7th April 2025.pdf,plenary_minutes,reserved_veto_s183,reserved,7,text
Wicklow,Minutes Ordinary 12th May 2025.pdf,plenary_minutes,reserved_real_devplan,reserved,6,text
Wicklow,Minutes Ordinary 12th May 2025.pdf,plenary_minutes,reserved_veto_s183,reserved,4,text
Wicklow,Minutes Ordinary 9th June 2025.pdf,plenary_minutes,reserved_veto_s183,reserved,6,text
Wicklow,Minutes Ordinary 7th July 2025.pdf,plenary_minutes,reserved_real_lpt,reserved,22,text
Wicklow,Minutes Ordinary 7th July 2025.pdf,plenary_minutes,reserved_veto_s183,reserved,4,text
Wicklow,Minutes Special 16th June 2025.pdf,plenary_minutes,reserved_real_devplan,reserved,12,text
Wicklow,Minutes Ordinary 1st September 2025.pdf,plenary_minutes,reserved_veto_s183,reserved,9,text
Wicklow,Minutes Ordinary 6th October 2025.pdf,plenary_minutes,reserved_real_devplan,reserved,1,text
Wicklow,Minutes Ordinary 6th October 2025.pdf,plenary_minutes,reserved_veto_s183,reserved,5,text
Wicklow,Minutes Ordinary 6th October 2025.pdf,plenary_minutes,reserved_veto_part8,reserved,3,text
Wicklow,Minutes Ordinary 3rd November 2025 s.pdf,plenary_minutes,reserved_veto_s183,reserved,4,ocr_winocr
Wicklow,Minutes Ordinary 3rd November 2025 s.pdf,plenary_minutes,reserved_veto_part8,reserved,1,ocr_winocr
Wicklow,Minutes Annual budget 24th November 2025.pdf,plenary_minutes,reserved_real_budget,reserved,11,ocr_winocr
Wicklow,Minutes Annual budget 24th November 2025.pdf,plenary_minutes,reserved_real_lpt,reserved,22,ocr_winocr
Wicklow,Minutes Annual budget 24th November 2025.pdf,plenary_minutes,reserved_real_rates,reserved,25,ocr_winocr
Wicklow,MINutes Ordinary 1st December 2025.1.pdf,plenary_minutes,reserved_veto_s183,reserved,1,ocr_winocr
Wicklow,Minutes ordinary 8th January 2024.pdf,plenary_minutes,reserved_veto_s183,reserved,4,text
Wicklow,Minutes ordinary 12th February 2024.pdf,plenary_minutes,reserved_veto_s183,reserved,9,text
Wicklow,Minutes ordinary 4th March 2024.pdf,plenary_minutes,reserved_veto_s183,reserved,9,text
Wicklow,Minutes ordinary 4th March 2024.pdf,plenary_minutes,reserved_veto_part8,reserved,1,text
Wicklow,Minutes ordinary 8th April 2024.pdf,plenary_minutes,reserved_veto_s183,reserved,4,text
Wicklow,Minutes ordinary 8th April 2024.pdf,plenary_minutes,reserved_super_matcontra,reserved,1,text
Wicklow,Minutes ordinary 13th May 2024 1.pdf,plenary_minutes,reserved_veto_s183,reserved,5,text
Dublin City,minutes_council_meeting_01_07_2024_pdf,plenary_minutes,reserved_veto_s183,reserved,3,text
Dublin City,minutes_council_meeting_01_07_2024_pdf,plenary_minutes,reserved_veto_part8,reserved,8,text
Dublin City,minutes_council_meeting_01_09_2025_pdf,plenary_minutes,reserved_real_lpt,reserved,8,text
Dublin City,minutes_council_meeting_01_09_2025_pdf,plenary_minutes,reserved_veto_s183,reserved,2,text
Dublin City,minutes_council_meeting_01_09_2025_pdf,plenary_minutes,reserved_veto_part8,reserved,3,text
Dublin City,minutes_council_meeting_01_12_2025_pdf,plenary_minutes,reserved_veto_s183,reserved,2,text
Dublin City,minutes_council_meeting_01_12_2025_pdf,plenary_minutes,reserved_veto_part8,reserved,3,text
Dublin City,minutes_council_meeting_02_09_2024_pdf,plenary_minutes,reserved_real_devplan,reserved,1,text
Dublin City,minutes_council_meeting_02_09_2024_pdf,plenary_minutes,reserved_veto_s183,reserved,2,text
Dublin City,minutes_council_meeting_02_09_2024_pdf,plenary_minutes,reserved_veto_part8,reserved,7,text
Dublin City,minutes_council_meeting_02_12_2024_pdf,plenary_minutes,reserved_veto_s183,reserved,1,text
Dublin City,minutes_council_meeting_02_12_2024_pdf,plenary_minutes,reserved_veto_part8,reserved,2,text
Dublin City,minutes_council_meeting_03_03_2025_pdf,plenary_minutes,reserved_real_budget,reserved,1,text
Dublin City,minutes_council_meeting_03_03_2025_pdf,plenary_minutes,reserved_veto_s183,reserved,3,text
Dublin City,minutes_council_meeting_03_03_2025_pdf,plenary_minutes,reserved_veto_part8,reserved,22,text
Dublin City,minutes_council_meeting_03_03_2025_pdf,plenary_minutes,exec_noted_mgmt,executive,1,text
Dublin City,minutes_council_meeting_03_03_2025_pdf,plenary_minutes,requisition_s140,reserved,1,text
Dublin City,minutes_council_meeting_03_11_2025_pdf,plenary_minutes,reserved_real_rates,reserved,1,text
Dublin City,minutes_council_meeting_03_11_2025_pdf,plenary_minutes,reserved_veto_s183,reserved,4,text
Dublin City,minutes_council_meeting_03_11_2025_pdf,plenary_minutes,reserved_veto_part8,reserved,5,text
Dublin City,minutes_council_meeting_04_03_2024_pdf,plenary_minutes,reserved_real_budget,reserved,1,text
Dublin City,minutes_council_meeting_04_03_2024_pdf,plenary_minutes,reserved_real_rates,reserved,1,text
Dublin City,minutes_council_meeting_04_03_2024_pdf,plenary_minutes,reserved_veto_s183,reserved,1,text
Dublin City,minutes_council_meeting_04_03_2024_pdf,plenary_minutes,reserved_veto_part8,reserved,5,text
Dublin City,minutes_council_meeting_04_11_2024_pdf,plenary_minutes,reserved_real_budget,reserved,2,text
Dublin City,minutes_council_meeting_04_11_2024_pdf,plenary_minutes,reserved_real_rates,reserved,1,text
Dublin City,minutes_council_meeting_04_11_2024_pdf,plenary_minutes,reserved_veto_s183,reserved,1,text
Dublin City,minutes_council_meeting_04_11_2024_pdf,plenary_minutes,reserved_veto_part8,reserved,6,text
Dublin City,minutes_council_meeting_06_01_2025_pdf,plenary_minutes,reserved_real_budget,reserved,2,text
Dublin City,minutes_council_meeting_06_01_2025_pdf,plenary_minutes,reserved_real_lpt,reserved,2,text
Dublin City,minutes_council_meeting_06_01_2025_pdf,plenary_minutes,reserved_veto_s183,reserved,2,text
Dublin City,minutes_council_meeting_06_01_2025_pdf,plenary_minutes,reserved_veto_part8,reserved,4,text
Dublin City,minutes_council_meeting_06_01_2025_pdf,plenary_minutes,exec_noted_mgmt,executive,1,text
Dublin City,minutes_council_meeting_06_10_2025_pdf,plenary_minutes,reserved_veto_s183,reserved,6,text
Dublin City,minutes_council_meeting_06_10_2025_pdf,plenary_minutes,reserved_veto_part8,reserved,8,text
Dublin City,minutes_council_meeting_07_04_2025_pdf,plenary_minutes,reserved_real_devplan,reserved,1,text
Dublin City,minutes_council_meeting_07_04_2025_pdf,plenary_minutes,reserved_veto_s183,reserved,2,text
Dublin City,minutes_council_meeting_07_04_2025_pdf,plenary_minutes,reserved_veto_part8,reserved,1,text
Dublin City,minutes_council_meeting_07_07_2025_pdf,plenary_minutes,reserved_real_lpt,reserved,1,text
Dublin City,minutes_council_meeting_07_07_2025_pdf,plenary_minutes,reserved_veto_s183,reserved,2,text
Dublin City,minutes_council_meeting_07_07_2025_pdf,plenary_minutes,reserved_veto_part8,reserved,1,text
Dublin City,minutes_council_meeting_07_10_2024_pdf,plenary_minutes,reserved_real_devplan,reserved,1,text
Dublin City,minutes_council_meeting_07_10_2024_pdf,plenary_minutes,reserved_real_lpt,reserved,22,text
Dublin City,minutes_council_meeting_07_10_2024_pdf,plenary_minutes,reserved_veto_s183,reserved,5,text
Dublin City,minutes_council_meeting_07_10_2024_pdf,plenary_minutes,reserved_veto_part8,reserved,6,text
Dublin City,minutes_council_meeting_08_01_2024_pdf,plenary_minutes,reserved_veto_s183,reserved,3,text
Dublin City,minutes_council_meeting_08_01_2024_pdf,plenary_minutes,reserved_veto_part8,reserved,8,text
Dublin City,minutes_council_meeting_08_04_2024_pdf,plenary_minutes,reserved_veto_s183,reserved,2,text
Dublin City,minutes_council_meeting_08_04_2024_pdf,plenary_minutes,reserved_veto_part8,reserved,4,text
Dublin City,minutes_council_meeting_09_02_2026_pdf,plenary_minutes,reserved_veto_s183,reserved,4,text
Dublin City,minutes_council_meeting_09_02_2026_pdf,plenary_minutes,reserved_veto_part8,reserved,7,text
Dublin City,minutes_council_meeting_09_06_2025_pdf,plenary_minutes,reserved_veto_s183,reserved,4,text
Dublin City,minutes_council_meeting_09_06_2025_pdf,plenary_minutes,reserved_veto_part8,reserved,4,text
Dublin City,minutes_council_meeting_10_02_2025_pdf,plenary_minutes,reserved_real_devplan,reserved,1,text
Dublin City,minutes_council_meeting_10_02_2025_pdf,plenary_minutes,reserved_veto_s183,reserved,3,text
Dublin City,minutes_council_meeting_10_02_2025_pdf,plenary_minutes,reserved_veto_part8,reserved,5,text
Dublin City,minutes_council_meeting_10_02_2025_pdf,plenary_minutes,exec_noted_mgmt,executive,1,text
Dublin City,minutes_council_meeting_11_05_2026_pdf,plenary_minutes,reserved_veto_s183,reserved,3,text
Dublin City,minutes_council_meeting_11_05_2026_pdf,plenary_minutes,reserved_veto_part8,reserved,13,text
Dublin City,minutes_council_meeting_12_01_2026_pdf,plenary_minutes,reserved_real_budget,reserved,1,text
Dublin City,minutes_council_meeting_12_01_2026_pdf,plenary_minutes,reserved_real_lpt,reserved,1,text
Dublin City,minutes_council_meeting_12_01_2026_pdf,plenary_minutes,reserved_veto_s183,reserved,2,text
Dublin City,minutes_council_meeting_12_01_2026_pdf,plenary_minutes,reserved_veto_part8,reserved,5,text
Dublin City,minutes_council_meeting_12_01_2026_pdf,plenary_minutes,exec_noted_mgmt,executive,2,text
Dublin City,minutes_council_meeting_12_02_2024_pdf,plenary_minutes,reserved_real_lpt,reserved,1,text
Dublin City,minutes_council_meeting_12_02_2024_pdf,plenary_minutes,reserved_veto_s183,reserved,2,text
Dublin City,minutes_council_meeting_12_02_2024_pdf,plenary_minutes,reserved_veto_part8,reserved,2,text
Dublin City,minutes_council_meeting_12_05_2025_pdf,plenary_minutes,reserved_veto_s183,reserved,3,text
Dublin City,minutes_council_meeting_12_05_2025_pdf,plenary_minutes,reserved_veto_part8,reserved,8,text
Dublin City,minutes_council_meeting_13_04_2026_pdf,plenary_minutes,reserved_real_lpt,reserved,14,text
Dublin City,minutes_council_meeting_13_04_2026_pdf,plenary_minutes,reserved_veto_s183,reserved,6,text
Dublin City,minutes_council_meeting_13_04_2026_pdf,plenary_minutes,reserved_veto_part8,reserved,4,text
Dublin City,minutes_council_meeting_13_05_2024_pdf,plenary_minutes,reserved_veto_s183,reserved,2,text
Dublin City,minutes_council_meeting_13_05_2024_pdf,plenary_minutes,reserved_veto_part8,reserved,14,text
Fingal,minutes_council_meeting_03_12_2024_pdf,plenary_minutes,reserved_real_rates,reserved,1,text
Fingal,minutes_council_meeting_07_07_2025_pdf,plenary_minutes,reserved_real_lpt,reserved,11,text
Fingal,minutes_council_meeting_07_07_2025_pdf,plenary_minutes,reserved_veto_s183,reserved,6,text
Fingal,minutes_council_meeting_08_04_2024_pdf,plenary_minutes,reserved_veto_s183,reserved,7,text
Fingal,minutes_council_meeting_08_04_2024_pdf,plenary_minutes,reserved_veto_part8,reserved,4,text
Fingal,minutes_council_meeting_08_04_2024_pdf,plenary_minutes,exec_noted_mgmt,executive,1,text
Fingal,minutes_council_meeting_08_06_2026_pdf,plenary_minutes,reserved_veto_s183,reserved,3,text
Fingal,minutes_council_meeting_08_06_2026_pdf,plenary_minutes,exec_noted_mgmt,executive,1,text
Fingal,minutes_council_meeting_08_07_2024_pdf,plenary_minutes,reserved_veto_s183,reserved,1,text
Fingal,minutes_council_meeting_08_09_2025_pdf,plenary_minutes,reserved_veto_s183,reserved,5,text
Fingal,minutes_council_meeting_08_09_2025_pdf,plenary_minutes,exec_noted_mgmt,executive,1,text
Fingal,minutes_council_meeting_08_12_2025_pdf,plenary_minutes,reserved_veto_s183,reserved,7,text
Fingal,minutes_council_meeting_09_02_2026_pdf,plenary_minutes,reserved_veto_s183,reserved,11,text
Fingal,minutes_council_meeting_09_02_2026_pdf,plenary_minutes,reserved_veto_part8,reserved,4,text
Fingal,minutes_council_meeting_09_02_2026_pdf,plenary_minutes,exec_noted_mgmt,executive,1,text
Fingal,minutes_council_meeting_09_03_2026_pdf,plenary_minutes,reserved_veto_s183,reserved,7,text
Fingal,minutes_council_meeting_09_03_2026_pdf,plenary_minutes,reserved_veto_part8,reserved,1,text
Fingal,minutes_council_meeting_09_03_2026_pdf,plenary_minutes,exec_noted_mgmt,executive,1,text
Fingal,minutes_council_meeting_09_06_2025_pdf,plenary_minutes,reserved_veto_s183,reserved,1,text
Fingal,minutes_council_meeting_09_06_2025_pdf,plenary_minutes,reserved_veto_part8,reserved,4,text
Fingal,minutes_council_meeting_09_06_2025_pdf,plenary_minutes,requisition_s140,reserved,1,text
Fingal,minutes_council_meeting_09_09_2024_pdf,plenary_minutes,reserved_veto_s183,reserved,4,text
Fingal,minutes_council_meeting_09_12_2024_pdf,plenary_minutes,reserved_veto_s183,reserved,8,text
Fingal,minutes_council_meeting_09_12_2024_pdf,plenary_minutes,reserved_veto_part8,reserved,1,text
Fingal,minutes_council_meeting_10_02_2025_pdf,plenary_minutes,reserved_veto_s183,reserved,4,text
Fingal,minutes_council_meeting_10_03_2025_pdf,plenary_minutes,reserved_veto_s183,reserved,7,text
Fingal,minutes_council_meeting_10_03_2025_pdf,plenary_minutes,reserved_veto_part8,reserved,2,text
Fingal,minutes_council_meeting_10_03_2025_pdf,plenary_minutes,exec_noted_mgmt,executive,1,text
Fingal,minutes_council_meeting_10_11_2025_pdf,plenary_minutes,reserved_veto_s183,reserved,3,text
Fingal,minutes_council_meeting_10_11_2025_pdf,plenary_minutes,exec_noted_mgmt,executive,1,text
Fingal,minutes_council_meeting_11_03_2024_pdf,plenary_minutes,reserved_veto_s183,reserved,5,text
Fingal,minutes_council_meeting_11_03_2024_pdf,plenary_minutes,reserved_veto_part8,reserved,3,text
Fingal,minutes_council_meeting_11_03_2024_pdf,plenary_minutes,exec_noted_annual,executive,1,text
Fingal,minutes_council_meeting_11_05_2026_pdf,plenary_minutes,reserved_veto_s183,reserved,3,text
Fingal,minutes_council_meeting_11_05_2026_pdf,plenary_minutes,reserved_veto_part8,reserved,2,text
Fingal,minutes_council_meeting_11_05_2026_pdf,plenary_minutes,exec_noted_mgmt,executive,1,text
Fingal,minutes_council_meeting_11_11_2024_pdf,plenary_minutes,reserved_veto_s183,reserved,6,text
Fingal,minutes_council_meeting_11_11_2024_pdf,plenary_minutes,exec_noted_mgmt,executive,1,text
Fingal,minutes_council_meeting_12_01_2026_pdf,plenary_minutes,reserved_veto_s183,reserved,2,text
Fingal,minutes_council_meeting_12_01_2026_pdf,plenary_minutes,reserved_veto_part8,reserved,2,text
Fingal,minutes_council_meeting_12_01_2026_pdf,plenary_minutes,exec_noted_mgmt,executive,1,text
Fingal,minutes_council_meeting_12_02_2024_pdf,plenary_minutes,reserved_veto_s183,reserved,3,text
Fingal,minutes_council_meeting_12_02_2024_pdf,plenary_minutes,reserved_veto_part8,reserved,3,text
Fingal,minutes_council_meeting_12_05_2025_pdf,plenary_minutes,reserved_veto_s183,reserved,4,text
Fingal,minutes_council_meeting_12_05_2025_pdf,plenary_minutes,exec_noted_mgmt,executive,1,text
Fingal,minutes_council_meeting_13_01_2025_pdf,plenary_minutes,reserved_veto_s183,reserved,7,text
Fingal,minutes_council_meeting_13_04_2026_pdf,plenary_minutes,reserved_veto_s183,reserved,3,text
Fingal,minutes_council_meeting_13_04_2026_pdf,plenary_minutes,reserved_veto_part8,reserved,1,text
Fingal,minutes_council_meeting_13_04_2026_pdf,plenary_minutes,exec_noted_annual,executive,1,text
Fingal,minutes_council_meeting_13_05_2024_pdf,plenary_minutes,reserved_veto_s183,reserved,1,text
Fingal,minutes_council_meeting_13_05_2024_pdf,plenary_minutes,reserved_veto_part8,reserved,5,text
Fingal,minutes_council_meeting_13_05_2024_pdf,plenary_minutes,exec_noted_mgmt,executive,1,text
Fingal,minutes_council_meeting_13_10_2025_pdf,plenary_minutes,reserved_veto_s183,reserved,3,text
Fingal,minutes_council_meeting_13_10_2025_pdf,plenary_minutes,reserved_veto_part8,reserved,2,text
Fingal,minutes_council_meeting_14_04_2025_pdf,plenary_minutes,reserved_veto_s183,reserved,6,text
Fingal,minutes_council_meeting_14_04_2025_pdf,plenary_minutes,exec_noted_annual,executive,1,text
Fingal,minutes_council_meeting_14_10_2024_pdf,plenary_minutes,reserved_real_lpt,reserved,8,text
Fingal,minutes_council_meeting_14_10_2024_pdf,plenary_minutes,reserved_veto_s183,reserved,10,text
Fingal,minutes_council_meeting_14_10_2024_pdf,plenary_minutes,exec_noted_mgmt,executive,1,text
Fingal,minutes_council_meeting_16_01_2024_pdf,plenary_minutes,reserved_real_devplan,reserved,1,text
Fingal,minutes_council_meeting_16_01_2024_pdf,plenary_minutes,reserved_veto_s183,reserved,9,text
Fingal,minutes_council_meeting_16_01_2024_pdf,plenary_minutes,reserved_veto_part8,reserved,2,text
Fingal,minutes_council_meeting_18_11_2025_pdf,plenary_minutes,reserved_real_budget,reserved,1,text
Fingal,minutes_council_meeting_18_11_2025_pdf,plenary_minutes,reserved_real_rates,reserved,1,text
Galway County,Adopted_20Minutes_20Special_20Meeting_2026th_20November_2020,plenary_minutes,reserved_veto_part8,reserved,1,text
Galway County,Minutes_2023_03_26_pdf,plenary_minutes,reserved_real_budget,reserved,1,text
Galway County,Minutes_2023_03_26_pdf,plenary_minutes,exec_noted_mgmt,executive,2,text
Galway County,Minutes_2025_05_2026_0_pdf,plenary_minutes,reserved_veto_s183,reserved,11,text
Galway County,Minutes_2025_05_2026_0_pdf,plenary_minutes,exec_noted_mgmt,executive,1,text
Galway County,Minutes_2027_04_2026_pdf,plenary_minutes,reserved_real_lpt,reserved,1,text
Galway County,Minutes_2027_04_2026_pdf,plenary_minutes,exec_noted_mgmt,executive,2,text
Galway County,Miontuairisc_C3_AD_20_20Minutes_2023_02_26_pdf,plenary_minutes,reserved_veto_part8,reserved,2,text
Galway County,Miontuairisc_C3_AD_20_20Minutes_2023_02_26_pdf,plenary_minutes,exec_noted_mgmt,executive,1,text
Galway County,Miontuairisc_C3_AD_20Speisialta_2016_02_2026_20_20Special_20,plenary_minutes,reserved_real_devplan,reserved,1,text
Galway County,Miontuairisc_C3_AD_20Speisialta_2016_02_2026_20_20Special_20,plenary_minutes,exec_noted_mgmt,executive,1,text
Cork County,full-council-meeting-minutes-11-05-2026.pdf,plenary_minutes,reserved_veto_s183,reserved,13,text
Cork County,full-council-meeting-minutes-27-04-2026.pdf,plenary_minutes,reserved_real_budget,reserved,1,text
Cork County,full-council-meeting-minutes-27-04-2026.pdf,plenary_minutes,reserved_veto_s183,reserved,7,text
Cork County,full-council-meeting-minutes-27-04-2026.pdf,plenary_minutes,reserved_veto_part8,reserved,5,text
Cork County,full-council-meeting-minutes-13-04-2026.pdf,plenary_minutes,reserved_veto_s183,reserved,5,text
Cork County,full-council-meeting-minutes-13-04-2026.pdf,plenary_minutes,reserved_veto_part8,reserved,7,text
Cork County,full-council-meeting-minutes-09-03-2026.pdf,plenary_minutes,reserved_real_lpt,reserved,2,text
Kerry,feb26.pdf,plenary_minutes,reserved_real_devplan,reserved,1,text
Kerry,feb26.pdf,plenary_minutes,reserved_veto_s183,reserved,4,text
Kerry,mar26.pdf,plenary_minutes,reserved_veto_s183,reserved,31,text
Kerry,april26.pdf,plenary_minutes,exec_noted_annual,executive,1,text
Kerry,may26.pdf,plenary_minutes,reserved_real_devplan,reserved,2,text
Kerry,may26.pdf,plenary_minutes,reserved_veto_s183,reserved,11,text
Kerry,may26.pdf,plenary_minutes,exec_noted_mgmt,executive,2,text
Kerry,dec2025.pdf,plenary_minutes,reserved_veto_s183,reserved,1,text
Kerry,budgetnov25.pdf,plenary_minutes,reserved_real_budget,reserved,5,text
Kerry,budgetnov25.pdf,plenary_minutes,reserved_real_lpt,reserved,10,text
Kerry,budgetnov25.pdf,plenary_minutes,reserved_real_rates,reserved,5,text
Kerry,budgetnov25.pdf,plenary_minutes,exec_noted_mgmt,executive,1,text
Kerry,oct25.pdf,plenary_minutes,reserved_real_budget,reserved,1,text
Kerry,sept25.pdf,plenary_minutes,reserved_real_devplan,reserved,1,text
Kerry,sept25.pdf,plenary_minutes,reserved_veto_s183,reserved,9,text
Kerry,spseptember25.pdf,plenary_minutes,reserved_veto_s183,reserved,9,text
Kerry,spsept25.pdf,plenary_minutes,reserved_real_devplan,reserved,1,text
Kerry,spsept25.pdf,plenary_minutes,reserved_veto_part8,reserved,1,text
Kerry,spjuly25.pdf,plenary_minutes,reserved_real_devplan,reserved,1,text
Kerry,spjuly25.pdf,plenary_minutes,exec_noted_mgmt,executive,1,text
Longford,minutes-june-meeting-of-longford-county-council.pdf,plenary_minutes,reserved_veto_s183,reserved,4,text
Longford,minutes-may-meeting-of-longford-county-council.pdf,plenary_minutes,reserved_veto_s183,reserved,2,text
Longford,minutes-special-may-meeting-of-longford-county-council.pdf,plenary_minutes,reserved_veto_s183,reserved,6,text
Longford,minutes-april-meeting-of-longford-county-council.pdf,plenary_minutes,reserved_veto_s183,reserved,2,text
Longford,minutes-april-meeting-of-longford-county-council.pdf,plenary_minutes,exec_noted_annual,executive,2,text
Longford,minutes-february-meeting-of-longford-county-council.pdf,plenary_minutes,reserved_veto_s183,reserved,2,text
Longford,minutes-january-meeting-of-longford-county-council.pdf,plenary_minutes,reserved_veto_s183,reserved,2,text
Meath,02-2025%20Minutes%20February%20Meath%20County%20Council.pdf,plenary_minutes,reserved_real_devplan,reserved,2,text
Meath,02-2025%20Minutes%20February%20Meath%20County%20Council.pdf,plenary_minutes,reserved_veto_s183,reserved,10,text
Meath,02-2025%20Minutes%2019th%20February%20Meath%20County%20Council.pdf,plenary_minutes,reserved_real_devplan,reserved,5,text
Meath,03-2025%20Minutes%20March%20Meath%20County%20Council.pdf,plenary_minutes,reserved_veto_s183,reserved,6,text
Meath,03-2025%20Minutes%20March%20Meath%20County%20Council.pdf,plenary_minutes,exec_noted_annual,executive,1,text
Meath,04-2025%20Minutes%20April%20Meath%20County%20Council.pdf,plenary_minutes,reserved_veto_s183,reserved,5,text
Meath,05-2025%20Minutes%20May%20Meath%20County%20Council.pdf,plenary_minutes,reserved_veto_s183,reserved,3,text
Meath,06-2025%20Minutes%20June%20Meath%20County%20Council.pdf,plenary_minutes,reserved_veto_s183,reserved,2,text
Meath,07-2025%20Minutes%20July%20Meath%20County%20Council.pdf,plenary_minutes,reserved_real_lpt,reserved,6,text
Meath,07-2025%20Minutes%20July%20Meath%20County%20Council.pdf,plenary_minutes,reserved_veto_s183,reserved,6,text
Meath,07-2025%20Minutes%20July%20Meath%20County%20Council.pdf,plenary_minutes,reserved_veto_part8,reserved,1,text
Meath,09-25%20Minutes%20September%20Meath%20County%20Council.pdf,plenary_minutes,reserved_veto_s183,reserved,2,text
Clare,2775,plenary_minutes,reserved_real_budget,reserved,1,html
Clare,2775,plenary_minutes,exec_noted_annual,executive,3,html
Clare,2772,plenary_minutes,reserved_real_budget,reserved,1,html
Clare,2771,plenary_minutes,reserved_veto_s183,reserved,17,html
Clare,2767,plenary_minutes,reserved_real_budget,reserved,2,html
Clare,2764,plenary_minutes,reserved_veto_s183,reserved,10,html
Clare,2758,plenary_minutes,reserved_real_devplan,reserved,2,html
Clare,2758,plenary_minutes,reserved_veto_part8,reserved,6,html
Clare,2758,plenary_minutes,exec_noted_mgmt,executive,2,html
Clare,2761,plenary_minutes,reserved_real_devplan,reserved,1,html
Clare,2761,plenary_minutes,reserved_veto_s183,reserved,3,html
Clare,2755,plenary_minutes,reserved_veto_s183,reserved,2,html
Clare,2755,plenary_minutes,reserved_veto_part8,reserved,4,html
Clare,2751,plenary_minutes,reserved_veto_s183,reserved,7,html
Clare,2751,plenary_minutes,reserved_veto_part8,reserved,8,html
Clare,2747,plenary_minutes,reserved_veto_s183,reserved,16,html
Clare,2747,plenary_minutes,exec_noted_annual,executive,1,html
Clare,2741,plenary_minutes,reserved_veto_s183,reserved,15,html
Clare,2741,plenary_minutes,exec_noted_annual,executive,2,html
Clare,2737,plenary_minutes,reserved_veto_s183,reserved,8,html
Clare,2737,plenary_minutes,reserved_veto_part8,reserved,1,html
Clare,2745,plenary_minutes,reserved_real_devplan,reserved,2,html
Clare,2745,plenary_minutes,exec_noted_mgmt,executive,7,html
Clare,2744,plenary_minutes,reserved_real_devplan,reserved,1,html
Clare,2744,plenary_minutes,reserved_veto_s183,reserved,4,html
Clare,2743,plenary_minutes,reserved_real_devplan,reserved,1,html
Clare,2743,plenary_minutes,reserved_real_lpt,reserved,1,html
Clare,2743,plenary_minutes,reserved_veto_s183,reserved,7,html
Clare,2743,plenary_minutes,reserved_veto_part8,reserved,8,html
Galway City,Minutes%20of%20February%202017%20Special%20Meeting%20of%20Galway%20City%20Counci,plenary_minutes,reserved_super_matcontra,reserved,2,text
Galway City,090516_01_Minutes.pdf,plenary_minutes,exec_noted_annual,executive,1,text
Galway City,170914_01_Minutes.pdf,plenary_minutes,reserved_real_lpt,reserved,7,text
Galway City,080914_01_Minutes.pdf,plenary_minutes,reserved_real_lpt,reserved,2,text
Galway City,080914_01_Minutes.pdf,plenary_minutes,reserved_veto_s183,reserved,3,text
Galway City,230614_03_Item%201c%20-%20minutes%20of%20special%20meeting%2021%207%202014.pdf,plenary_minutes,reserved_real_lpt,reserved,3,text
Meath,10-25%20Minutes%20October%20Meath%20County%20Council_Website.pdf,plenary_minutes,reserved_real_budget,reserved,1,text
Meath,10-25%20Minutes%20October%20Meath%20County%20Council_Website.pdf,plenary_minutes,reserved_veto_s183,reserved,12,text
Meath,11-2025%20Minutes%20November%20Meath%20County%20Council_Website.pdf,plenary_minutes,reserved_veto_s183,reserved,14,text
Meath,11-2025%20-%20Budget%20-%20Minutes%20November%20Meath%20County%20Council%20Statu,plenary_minutes,reserved_real_budget,reserved,5,text
Meath,11-2025%20-%20Budget%20-%20Minutes%20November%20Meath%20County%20Council%20Statu,plenary_minutes,reserved_real_rates,reserved,1,text
Meath,12-2025%20Minutes%20December%20Meath%20County%20Council.pdf,plenary_minutes,reserved_real_budget,reserved,2,text
Meath,12-2025%20Minutes%20December%20Meath%20County%20Council.pdf,plenary_minutes,reserved_real_devplan,reserved,2,text
Meath,12-2025%20Minutes%20December%20Meath%20County%20Council.pdf,plenary_minutes,reserved_veto_s183,reserved,4,text
Wexford,County%20Council%20Meeting%2011.12.23%20-%20Minutes.docx.pdf,plenary_minutes,reserved_real_budget,reserved,2,text
Wexford,County%20Council%20Meeting%2011.12.23%20-%20Minutes.docx.pdf,plenary_minutes,reserved_veto_s183,reserved,2,text
Wexford,County%20Council%20Meeting%2011.12.23%20-%20Minutes.docx.pdf,plenary_minutes,reserved_veto_part8,reserved,4,text
Wexford,County%20Council%20Meeting%2011.12.23%20-%20Minutes.docx.pdf,plenary_minutes,exec_noted_annual,executive,1,text
Wexford,Statutory-Budget-Meeting-04.12.23-Minutes.pdf,plenary_minutes,reserved_real_budget,reserved,8,text
Wexford,Statutory-Budget-Meeting-04.12.23-Minutes.pdf,plenary_minutes,reserved_real_lpt,reserved,3,text
Wexford,Statutory-Budget-Meeting-04.12.23-Minutes.pdf,plenary_minutes,reserved_real_rates,reserved,5,text
Wexford,Special-County-Council-Meeting-29.11.23-Minutes.pdf,plenary_minutes,requisition_s140,reserved,5,text
Wexford,County-Council-Meeting-13.11.23-Minutes.pdf,plenary_minutes,reserved_veto_s183,reserved,7,text
Wexford,County-Council-Meeting-13.11.23-Minutes.pdf,plenary_minutes,reserved_veto_part8,reserved,2,text
Wexford,County-Council-Meeting-09.10.23-Minutes_0.pdf,plenary_minutes,reserved_veto_s183,reserved,4,text
Wexford,County-Council-Meeting-11.09.23-Minutes.pdf,plenary_minutes,reserved_real_budget,reserved,1,text
Wexford,County-Council-Meeting-11.09.23-Minutes.pdf,plenary_minutes,reserved_real_lpt,reserved,4,text
Wexford,County-Council-Meeting-11.09.23-Minutes.pdf,plenary_minutes,reserved_veto_part8,reserved,1,text
Wexford,County-Council-Meeting-10.07.23-Minutes.pdf,plenary_minutes,reserved_veto_s183,reserved,3,text
Wexford,County-Council-Meeting-12.06.23-Minutes.pdf,plenary_minutes,reserved_veto_s183,reserved,9,text
Wexford,County-Council-Meeting-11.04.23-Minutes.pdf,plenary_minutes,reserved_veto_s183,reserved,2,text
Wexford,County-Council-Meeting-Minutes-13.02.23.pdf,plenary_minutes,reserved_veto_part8,reserved,3,text
Wexford,County-Council-Meeting-Minutes-13.02.23.pdf,plenary_minutes,exec_noted_annual,executive,3,text
Wexford,County-Council-Meeting-Minutes-09.01.23.pdf,plenary_minutes,reserved_veto_s183,reserved,2,text
Wexford,County-Council-Meeting-Minutes-09.01.23.pdf,plenary_minutes,reserved_veto_part8,reserved,2,text
Wexford,County-Council-Meeting-Minutes-12.12.22.pdf,plenary_minutes,reserved_real_budget,reserved,2,text
Wexford,County-Council-Meeting-Minutes-12.12.22.pdf,plenary_minutes,reserved_veto_part8,reserved,2,text
Wexford,Special-Housing-County-Council-Meeting-05.12.22-Minutes.pdf,plenary_minutes,reserved_veto_part8,reserved,1,text
Wexford,Statutory-Budget-Meeting-28.11.22-Minutes.pdf,plenary_minutes,reserved_real_budget,reserved,10,text
Wexford,Statutory-Budget-Meeting-28.11.22-Minutes.pdf,plenary_minutes,reserved_real_lpt,reserved,3,text
Wexford,Statutory-Budget-Meeting-28.11.22-Minutes.pdf,plenary_minutes,reserved_real_rates,reserved,8,text
Wexford,County-Council-Meeting-14.11.22-Minutes.pdf,plenary_minutes,reserved_veto_s183,reserved,4,text
Wexford,County-Council-Meeting-10.10.22-Minutes.pdf,plenary_minutes,reserved_real_lpt,reserved,6,text
Wexford,County-Council-Meeting-10.10.22-Minutes.pdf,plenary_minutes,reserved_veto_s183,reserved,3,text
Wexford,County-Council-Meeting-10.10.22-Minutes.pdf,plenary_minutes,reserved_veto_part8,reserved,5,text
Wexford,County-Council-Meeting-12.09.22-Minutes.pdf,plenary_minutes,reserved_real_budget,reserved,3,text
Wexford,County-Council-Meeting-12.09.22-Minutes.pdf,plenary_minutes,reserved_real_lpt,reserved,6,text
Wexford,County-Council-Meeting-12.09.22-Minutes.pdf,plenary_minutes,exec_noted_annual,executive,2,text
Wexford,County-Council-Meeting-11.07.22-Minutes.pdf,plenary_minutes,reserved_veto_s183,reserved,2,text
Wexford,County-Council-Meeting-11.07.22-Minutes.pdf,plenary_minutes,reserved_veto_part8,reserved,5,text
Wexford,County-Council-Meeting-13.06.22-Minutes.pdf,plenary_minutes,reserved_veto_s183,reserved,2,text
Wexford,County-Council-Meeting-Minutes-9th-May-2022.pdf,plenary_minutes,reserved_real_devplan,reserved,1,text
Wexford,County-Council-Meeting-Minutes-9th-May-2022.pdf,plenary_minutes,reserved_veto_s183,reserved,4,text
Wexford,County-Council-Meeting-Minutes-11th-April-2022.pdf,plenary_minutes,reserved_veto_s183,reserved,2,text
Wexford,County-Council-Meeting-10.01.22-Minutes.pdf,plenary_minutes,reserved_veto_s183,reserved,3,text
Wexford,County-Council-Meeting-10.01.22-Minutes.pdf,plenary_minutes,reserved_veto_part8,reserved,1,text
Wexford,County-Council-Meeting-10.01.22-Minutes.pdf,plenary_minutes,exec_noted_annual,executive,1,text
Wexford,County-Council-Meeting-12.07.21-Minutes.pdf,plenary_minutes,reserved_real_lpt,reserved,5,text
Wexford,County-Council-Meeting-12.07.21-Minutes.pdf,plenary_minutes,reserved_veto_part8,reserved,1,text
Wexford,County-Council-Meeting-Minutes-13.12.21.pdf,plenary_minutes,reserved_veto_s183,reserved,5,text
Wexford,County-Council-Meeting-Minutes-13.12.21.pdf,plenary_minutes,reserved_veto_part8,reserved,1,text
Wexford,County-Council-Budget-Meeting-29.11.21-Minutes.pdf,plenary_minutes,reserved_real_budget,reserved,2,text
Wexford,County-Council-Budget-Meeting-29.11.21-Minutes.pdf,plenary_minutes,reserved_real_lpt,reserved,1,text
Wexford,County-Council-Budget-Meeting-29.11.21-Minutes.pdf,plenary_minutes,reserved_real_rates,reserved,2,text
Wexford,County-Council-Meeting-8.11.21-2.30pm-Minutes.pdf,plenary_minutes,reserved_veto_s183,reserved,2,text
Wexford,County-Council-Meeting-11.10.21-Minutes.pdf,plenary_minutes,reserved_veto_part8,reserved,1,text
Wexford,County-Council-Meeting-13.9.21-Minutes.pdf,plenary_minutes,reserved_veto_s183,reserved,3,text
Wexford,County-Council-Meeting-13.9.21-Minutes.pdf,plenary_minutes,reserved_veto_part8,reserved,1,text
Wexford,Special-Planning-Meeting-14.06.21-Minutes.pdf,plenary_minutes,reserved_veto_part8,reserved,1,text
Wexford,County-Council-Meeting-14.06.21-Minutes.pdf,plenary_minutes,reserved_veto_s183,reserved,4,text
Wexford,County-Council-Meeting-14.06.21-Minutes.pdf,plenary_minutes,reserved_super_matcontra,reserved,1,text
Wexford,County-Council-Special-Planning-Meeting-26.04.21-Minutes.pdf,plenary_minutes,reserved_real_devplan,reserved,1,text
Wexford,County-Council-Meeting-12.04.21-Minutes.pdf,plenary_minutes,reserved_veto_s183,reserved,5,text
Wexford,County-Council-Meeting-08.03.21-Minutes_0.pdf,plenary_minutes,reserved_veto_part8,reserved,1,text
Wexford,Special-County-Council-Meeting-22.02.21-Minutes.pdf,plenary_minutes,reserved_veto_part8,reserved,1,text
Wexford,County-Council-Meeting-08.02.21-Minutes.pdf,plenary_minutes,reserved_veto_s183,reserved,4,text
Wexford,County-Council-Meeting-11.01.21-Minutes.pdf,plenary_minutes,reserved_veto_s183,reserved,4,text
Wexford,County-Council-Meeting-14.12.20-Minutes.pdf,plenary_minutes,reserved_real_budget,reserved,1,text
Wexford,County-Council-Meeting-14.12.20-Minutes.pdf,plenary_minutes,reserved_veto_part8,reserved,1,text
Wexford,County-Council-Budget-Meeting-Minutes-30.11.20.pdf,plenary_minutes,reserved_real_budget,reserved,4,text
Wexford,County-Council-Budget-Meeting-Minutes-30.11.20.pdf,plenary_minutes,reserved_real_lpt,reserved,4,text
Wexford,County-Council-Budget-Meeting-Minutes-30.11.20.pdf,plenary_minutes,reserved_real_rates,reserved,4,text
Wexford,County-Council-Meeting-Minutes-09.11.2020.pdf,plenary_minutes,reserved_veto_s183,reserved,3,text
Wexford,County-Council-Meeting-Minutes-09.11.2020.pdf,plenary_minutes,reserved_veto_part8,reserved,1,text
Wexford,Final-County-Council-Meeting-Minutes-14-Sept-2020.pdf,plenary_minutes,reserved_real_budget,reserved,3,text
Wexford,Final-County-Council-Meeting-Minutes-14-Sept-2020.pdf,plenary_minutes,reserved_real_lpt,reserved,6,text
Wexford,Final-County-Council-Meeting-Minutes-14-Sept-2020.pdf,plenary_minutes,reserved_veto_s183,reserved,2,text
Wexford,County-Council-Meeting-27.07.20-Minutes.pdf,plenary_minutes,reserved_veto_s183,reserved,1,text
Wexford,County-Council-Meeting-27.07.20-Minutes.pdf,plenary_minutes,reserved_veto_part8,reserved,1,text
Wexford,County-Council-Meeting-Minutes-29.06.2020.pdf,plenary_minutes,reserved_veto_s183,reserved,2,text
Wexford,County-Council-Meeting-Minutes-09.03.2020.pdf,plenary_minutes,reserved_veto_s183,reserved,5,text
Wexford,Final-County-Council-Meeting-Minutes-13.01.2020.pdf,plenary_minutes,reserved_veto_s183,reserved,4,text
Wexford,Final-County-Council-Meeting-Minutes-13.01.2020.pdf,plenary_minutes,reserved_veto_part8,reserved,1,text
Wexford,Final-County-Council-Meeting-09-12-19.pdf,plenary_minutes,reserved_real_budget,reserved,1,text
Wexford,Final-County-Council-Meeting-09-12-19.pdf,plenary_minutes,reserved_veto_part8,reserved,1,text
Wexford,Final-Statutory-Budget-Meeting-25.11.19.pdf,plenary_minutes,reserved_real_budget,reserved,8,text
Wexford,Final-Statutory-Budget-Meeting-25.11.19.pdf,plenary_minutes,reserved_real_lpt,reserved,1,text
Wexford,Final-Statutory-Budget-Meeting-25.11.19.pdf,plenary_minutes,reserved_real_rates,reserved,7,text
Wexford,County-Council-Meeting-11.11.19_0.pdf,plenary_minutes,reserved_veto_s183,reserved,5,text
Wexford,County-Council-Meeting-11.11.19_0.pdf,plenary_minutes,reserved_veto_part8,reserved,1,text
Wexford,Final-County-Council-Meeting-14-10-19.pdf,plenary_minutes,reserved_real_lpt,reserved,1,text
Wexford,Final-County-Council-Meeting-14-10-19.pdf,plenary_minutes,reserved_real_rates,reserved,1,text
Wexford,Final-County-Council-Meeting-14-10-19.pdf,plenary_minutes,reserved_veto_s183,reserved,6,text
Wexford,County-Council-Meeting-09-09-19-as-amended.pdf,plenary_minutes,reserved_real_lpt,reserved,10,text
Wexford,County-Council-Meeting-09-09-19-as-amended.pdf,plenary_minutes,reserved_veto_s183,reserved,4,text
Wicklow,Minutes Ordinary 1st July 2024.pdf,plenary_minutes,reserved_veto_s183,reserved,3,text
Wicklow,Minutes Ordinary 2nd September 2024.pdf,plenary_minutes,reserved_veto_s183,reserved,13,text
Wicklow,Minutes Ordinary 2nd September 2024.pdf,plenary_minutes,reserved_veto_part8,reserved,1,text
Wicklow,Minutes Ordinary 7th October 2024.pdf,plenary_minutes,reserved_veto_s183,reserved,2,text
Wicklow,Minutes Ordinary 7th October 2024.pdf,plenary_minutes,reserved_veto_part8,reserved,2,text
Wicklow,Minutes Ordinary 14th October 2024.pdf,plenary_minutes,reserved_real_lpt,reserved,24,text
Wicklow,Minutes Ordinary 4th November 2024.pdf,plenary_minutes,reserved_veto_part8,reserved,4,text
Wicklow,Minutes - Budget 25th November 2024.pdf,plenary_minutes,reserved_real_budget,reserved,12,text
Wicklow,Minutes - Budget 25th November 2024.pdf,plenary_minutes,reserved_real_lpt,reserved,24,text
Wicklow,Minutes - Budget 25th November 2024.pdf,plenary_minutes,reserved_real_rates,reserved,13,text
Wicklow,Minutes Ordinary 2nd December 2024.pdf,plenary_minutes,reserved_veto_s183,reserved,7,text
Wicklow,Minutes Ordinary 2nd December 2024.pdf,plenary_minutes,reserved_veto_part8,reserved,2,text
Wicklow,Minutes ordinary 4th September 2023.pdf,plenary_minutes,reserved_veto_s183,reserved,10,text
Wicklow,Minutes ordinary 2nd October 2023d.pdf,plenary_minutes,reserved_real_lpt,reserved,1,text
Wicklow,Minutes special 9th October 2023.pdf,plenary_minutes,reserved_real_lpt,reserved,23,text
Wicklow,Minutes ordinary 6th November 2023.pdf,plenary_minutes,reserved_veto_part8,reserved,2,text
Wicklow,Minutes - Budget 27th November 2023.pdf,plenary_minutes,reserved_real_budget,reserved,10,text
Wicklow,Minutes - Budget 27th November 2023.pdf,plenary_minutes,reserved_real_lpt,reserved,25,text
Wicklow,Minutes - Budget 27th November 2023.pdf,plenary_minutes,reserved_real_rates,reserved,13,text
Wicklow,Minutes ordinary 4th December 2023.pdf,plenary_minutes,reserved_veto_s183,reserved,1,text
Wicklow,Ordinary Meeting 11 January 2021.pdf,plenary_minutes,reserved_veto_s183,reserved,1,text
Wicklow,Transcript Special meeting 25 January 2021.pdf,plenary_minutes,reserved_veto_part8,reserved,1,text
Wicklow,Transcript Ordinary 01 02 2021.pdf,plenary_minutes,reserved_veto_part8,reserved,6,text
Wicklow,Transcript Ordinary meeting 1st March 2021.pdf,plenary_minutes,reserved_veto_s183,reserved,6,text
Wicklow,Transcript Ordinary meeting 1st March 2021.pdf,plenary_minutes,reserved_veto_part8,reserved,8,text
Wicklow,13 01 2020 Ordinary meeting of Wicklow County Council.pdf,plenary_minutes,reserved_real_lpt,reserved,1,text
Wicklow,03 02 2020 Ordinary Meeting of Wicklow County Council.pdf,plenary_minutes,reserved_real_lpt,reserved,1,text
Wicklow,03 02 2020 Ordinary Meeting of Wicklow County Council.pdf,plenary_minutes,reserved_veto_part8,reserved,5,text
Wicklow,Transcript 02 03 2020.pdf,plenary_minutes,reserved_veto_s183,reserved,6,text
Wicklow,Transcript 02 03 2020.pdf,plenary_minutes,reserved_veto_part8,reserved,1,text
Wicklow,Ordinary Meeting 15th June.pdf,plenary_minutes,reserved_real_budget,reserved,1,text
Wicklow,Ordinary Meeting 15th June.pdf,plenary_minutes,reserved_veto_s183,reserved,2,text
Wicklow,Ordinary Meeting 15th June.pdf,plenary_minutes,exec_noted_annual,executive,1,text
Wicklow,Transcript 07 September 2020.pdf,plenary_minutes,reserved_real_devplan,reserved,2,text
Wicklow,Transcript 07 September 2020.pdf,plenary_minutes,reserved_real_lpt,reserved,17,text
Wicklow,Transcript 07 September 2020.pdf,plenary_minutes,reserved_veto_s183,reserved,1,text
Wicklow,Transcript 07 September 2020.pdf,plenary_minutes,reserved_veto_part8,reserved,1,text
Wicklow,Transcript LPT 21 September 2020.pdf,plenary_minutes,reserved_real_budget,reserved,3,text
Wicklow,Transcript LPT 21 September 2020.pdf,plenary_minutes,reserved_real_lpt,reserved,63,text
Wicklow,Transcript Budget 23 November 2020.pdf,plenary_minutes,reserved_real_budget,reserved,2,text
Wicklow,Transcript Budget 23 November 2020.pdf,plenary_minutes,reserved_real_lpt,reserved,15,text
Wicklow,Transcript Budget 23 November 2020.pdf,plenary_minutes,reserved_real_rates,reserved,6,text
Wicklow,Transcript Budget 23 November 2020.pdf,plenary_minutes,reserved_veto_s183,reserved,2,text
Wicklow,Transcript 04 11 19.pdf,plenary_minutes,reserved_real_lpt,reserved,2,text
Wicklow,Transcript 07-10-19.pdf,plenary_minutes,reserved_veto_s183,reserved,2,text
Wicklow,Transcript 07-10-19.pdf,plenary_minutes,reserved_veto_part8,reserved,1,text
Wicklow,Transcript LPT 23-09-19.pdf,plenary_minutes,reserved_real_lpt,reserved,74,text
Wicklow,Transcript 02-09-2019.pdf,plenary_minutes,reserved_real_lpt,reserved,3,text
Wicklow,Transcript 02-09-2019.pdf,plenary_minutes,reserved_veto_s183,reserved,1,text
Wicklow,Transcript 02-09-2019.pdf,plenary_minutes,reserved_veto_part8,reserved,2,text
Wicklow,Transcript 01-07-2019.pdf,plenary_minutes,reserved_veto_s183,reserved,3,text
Wicklow,Transcript 01-07-2019.pdf,plenary_minutes,reserved_veto_part8,reserved,2,text
Wicklow,Transcript 29-04-20.19.pdf,plenary_minutes,reserved_veto_s183,reserved,1,text
Wicklow,Transcript 01-04-2019.pdf,plenary_minutes,reserved_real_devplan,reserved,1,text
Wicklow,Transcript 01-04-2019.pdf,plenary_minutes,reserved_real_rates,reserved,3,text
Wicklow,Transcript 04-03-2019.pdf,plenary_minutes,reserved_veto_part8,reserved,1,text
Wicklow,Transcript 04-02-2019.pdf,plenary_minutes,reserved_real_rates,reserved,11,text
Wicklow,Transcript 04-02-2019.pdf,plenary_minutes,reserved_veto_part8,reserved,8,text
Wicklow,Transcript 14-01-2019.pdf,plenary_minutes,reserved_veto_s183,reserved,1,text
Wicklow,Transcript 14-01-2019.pdf,plenary_minutes,reserved_veto_part8,reserved,1,text
Wicklow,Minutes ordinary 9th January 2023.pdf,plenary_minutes,reserved_veto_s183,reserved,9,text
Wicklow,Minutes ordinary 9th January 2023.pdf,plenary_minutes,reserved_veto_part8,reserved,1,text
Wicklow,Minutes ordinary 13th February 2023.pdf,plenary_minutes,reserved_veto_s183,reserved,3,text
Wicklow,Minutes ordinary 6th March 2023.pdf,plenary_minutes,reserved_veto_s183,reserved,1,text
Wicklow,Minutes ordinary 3rd April 2023.pdf,plenary_minutes,reserved_veto_s183,reserved,4,text
Wicklow,Minutes ordinary 8th May 2023.pdf,plenary_minutes,reserved_veto_s183,reserved,4,text
Wicklow,Minutes ordinary 12th June 2023.pdf,plenary_minutes,reserved_veto_s183,reserved,4,text
Wicklow,Minutes ordinary 12th June 2023.pdf,plenary_minutes,reserved_veto_part8,reserved,1,text
Wicklow,Minutes ordinary 10th January 2022.pdf,plenary_minutes,reserved_veto_s183,reserved,3,text
Wicklow,Minutes ordinary 7th February 2022.pdf,plenary_minutes,reserved_veto_s183,reserved,4,text
Wicklow,Minutes ordinary 7th March 2022.pdf,plenary_minutes,reserved_veto_s183,reserved,5,text
Wicklow,Minutes ordinary 7th March 2022.pdf,plenary_minutes,reserved_veto_part8,reserved,1,text
Wicklow,Minutes ordinary 7th March 2022.pdf,plenary_minutes,requisition_s140,reserved,7,text
Wicklow,Minutes ordinary 21st March 2022.pdf,plenary_minutes,reserved_veto_part8,reserved,3,text
Wicklow,Minutes ordinary 21st March 2022.pdf,plenary_minutes,requisition_s140,reserved,3,text
Wicklow,Minutes special 28 March 2022.pdf,plenary_minutes,reserved_veto_part8,reserved,2,text
Louth,20250228_minutes-of-special-council-meeting-on-dundalk-lap.pdf,plenary_minutes,reserved_real_devplan,reserved,23,ocr_winocr
Louth,20250228_minutes-of-special-council-meeting-on-dundalk-lap.pdf,plenary_minutes,exec_noted_mgmt,executive,1,ocr_winocr
Galway City,Adopted%20Minutes%20Ordinary%20Meeting%2011th%20June%202018.pdf,plenary_minutes,reserved_real_devplan,reserved,1,ocr_winocr
Galway City,Adopted%20Minutes%20Ordinary%20Meeting%2011th%20June%202018.pdf,plenary_minutes,reserved_veto_part8,reserved,11,ocr_winocr
Galway City,Adopted%20Minutes%20Ordinary%20Meeting%2011th%20June%202018.pdf,plenary_minutes,exec_noted_annual,executive,1,ocr_winocr
Galway City,230418_01_Minutes.pdf,plenary_minutes,reserved_veto_part8,reserved,1,ocr_winocr
Galway City,Adopted%20Minutes%20Galway%20City%20Council%20Ordinary%20Meeting%209th%20April%2,plenary_minutes,reserved_real_devplan,reserved,30,ocr_winocr
Galway City,Adopted%20Minutes%20Galway%20City%20Council%20Ordinary%20Meeting%209th%20April%2,plenary_minutes,reserved_veto_part8,reserved,2,ocr_winocr
Galway City,Adopted%20Minutes%20Galway%20City%20Council%20Ordinary%20Meeting%205th%20March%2,plenary_minutes,reserved_veto_part8,reserved,8,ocr_winocr
Galway City,Adopted%20Minutes%20Ordinary%20Meeting%2012th%20February%202018.pdf,plenary_minutes,reserved_real_budget,reserved,1,ocr_winocr
Galway City,Adopted%20Minutes%20Ordinary%20Meeting%2012th%20February%202018.pdf,plenary_minutes,reserved_veto_part8,reserved,1,ocr_winocr
Galway City,Adopted%20Minutes%20Ordinary%20Meeting%2012th%20February%202018.pdf,plenary_minutes,exec_noted_annual,executive,1,ocr_winocr
Galway City,111217_01_Minutes.pdf,plenary_minutes,reserved_real_budget,reserved,3,ocr_winocr
Galway City,111217_01_Minutes.pdf,plenary_minutes,reserved_real_devplan,reserved,3,ocr_winocr
Galway City,111217_01_Minutes.pdf,plenary_minutes,reserved_veto_s183,reserved,2,ocr_winocr
Galway City,201117_02_Minutes.pdf,plenary_minutes,reserved_real_budget,reserved,3,ocr_winocr
Galway City,201117_02_Minutes.pdf,plenary_minutes,reserved_real_lpt,reserved,1,ocr_winocr
Galway City,201117_02_Minutes.pdf,plenary_minutes,reserved_real_rates,reserved,5,ocr_winocr
Galway City,201117_01_Minutes.pdf,plenary_minutes,reserved_veto_part8,reserved,1,ocr_winocr
Galway City,131117_01_Minutes.pdf,plenary_minutes,reserved_real_budget,reserved,1,ocr_winocr
Galway City,131117_01_Minutes.pdf,plenary_minutes,reserved_veto_s183,reserved,5,ocr_winocr
Galway City,091017_01_Minutes.pdf,plenary_minutes,reserved_real_lpt,reserved,2,ocr_winocr
Galway City,091017_01_Minutes.pdf,plenary_minutes,reserved_veto_s183,reserved,8,ocr_winocr
Galway City,110917_01_Minutes.pdf,plenary_minutes,reserved_real_lpt,reserved,10,ocr_winocr
Galway City,110917_01_Minutes.pdf,plenary_minutes,reserved_veto_s183,reserved,7,ocr_winocr
Galway City,110917_01_Minutes.pdf,plenary_minutes,reserved_veto_part8,reserved,2,ocr_winocr
Galway City,100717_01_Minutes.pdf,plenary_minutes,reserved_real_lpt,reserved,1,ocr_winocr
Galway City,100717_01_Minutes.pdf,plenary_minutes,reserved_veto_part8,reserved,3,ocr_winocr
Galway City,190617_01_Minutes.pdf,plenary_minutes,reserved_veto_part8,reserved,2,ocr_winocr
Galway City,150517_01_Minutes.pdf,plenary_minutes,reserved_veto_s183,reserved,2,ocr_winocr
Galway City,150517_01_Minutes.pdf,plenary_minutes,exec_noted_annual,executive,3,ocr_winocr
Galway City,040716_01_Minutes.pdf,plenary_minutes,reserved_veto_part8,reserved,1,ocr_winocr
Galway City,040716_01_Minutes.pdf,plenary_minutes,exec_noted_mgmt,executive,2,ocr_winocr
Galway City,110416_01_Minutes.pdf,plenary_minutes,reserved_real_lpt,reserved,1,ocr_winocr
Galway City,110416_01_Minutes.pdf,plenary_minutes,reserved_veto_part8,reserved,1,ocr_winocr
Galway City,060715_01_Minutes.pdf,plenary_minutes,reserved_real_lpt,reserved,2,ocr_winocr
Galway City,060715_01_Minutes.pdf,plenary_minutes,reserved_veto_s183,reserved,3,ocr_winocr
Galway City,060715_01_Minutes.pdf,plenary_minutes,reserved_super_matcontra,reserved,4,ocr_winocr
Galway City,060615_01_Minutes.pdf,plenary_minutes,reserved_veto_s183,reserved,5,ocr_winocr
Galway City,060615_01_Minutes.pdf,plenary_minutes,exec_noted_annual,executive,1,ocr_winocr
Galway City,031114_01_Minutes.pdf,plenary_minutes,reserved_veto_s183,reserved,1,ocr_winocr
Galway City,300614_01_Minutes.pdf,plenary_minutes,reserved_real_lpt,reserved,1,ocr_winocr
Galway City,160614_01_Minutes.pdf,plenary_minutes,reserved_real_lpt,reserved,2,ocr_winocr
Galway City,160614_01_Minutes.pdf,plenary_minutes,reserved_veto_part8,reserved,3,ocr_winocr
Galway City,280414_01_Minutes.pdf,plenary_minutes,reserved_veto_part8,reserved,5,ocr_winocr
