source_id,name,group,registry,cadence,cadence_days,next_expected,release_window,poller,runner,test_packages,curated,notes
afs_amalgamated:2016,Local Authority AFS 2016 (amalgamated),afs_amalgamated,source_registry,annual,365,,,afs_amalgamated_extract,residential,extractors/test_afs_amalgamated.py; sql_views/test_procurement_afs_national.py,no,"AUTO-SEEDED — set cadence + next_expected, then curated=yes"
afs_amalgamated:2017,Local Authority AFS 2017 (amalgamated),afs_amalgamated,source_registry,annual,365,,,afs_amalgamated_extract,residential,extractors/test_afs_amalgamated.py; sql_views/test_procurement_afs_national.py,no,"AUTO-SEEDED — set cadence + next_expected, then curated=yes"
afs_amalgamated:2018,Local Authority AFS 2018 (amalgamated),afs_amalgamated,source_registry,annual,365,,,afs_amalgamated_extract,residential,extractors/test_afs_amalgamated.py; sql_views/test_procurement_afs_national.py,no,"AUTO-SEEDED — set cadence + next_expected, then curated=yes"
afs_amalgamated:2019,Local Authority AFS 2019 (amalgamated),afs_amalgamated,source_registry,annual,365,,,afs_amalgamated_extract,residential,extractors/test_afs_amalgamated.py; sql_views/test_procurement_afs_national.py,no,"AUTO-SEEDED — set cadence + next_expected, then curated=yes"
afs_amalgamated:2020,Local Authority AFS 2020 (amalgamated),afs_amalgamated,source_registry,annual,365,,,afs_amalgamated_extract,residential,extractors/test_afs_amalgamated.py; sql_views/test_procurement_afs_national.py,no,"AUTO-SEEDED — set cadence + next_expected, then curated=yes"
afs_amalgamated:2021,Local Authority AFS 2021 (amalgamated),afs_amalgamated,source_registry,annual,365,,,afs_amalgamated_extract,residential,extractors/test_afs_amalgamated.py; sql_views/test_procurement_afs_national.py,no,"AUTO-SEEDED — set cadence + next_expected, then curated=yes"
afs_amalgamated:2022,Local Authority AFS 2022 (amalgamated),afs_amalgamated,source_registry,annual,365,,,afs_amalgamated_extract,residential,extractors/test_afs_amalgamated.py; sql_views/test_procurement_afs_national.py,no,"AUTO-SEEDED — set cadence + next_expected, then curated=yes"
afs_amalgamated:2023,Local Authority AFS 2023 (amalgamated),afs_amalgamated,source_registry,annual,365,,,afs_amalgamated_extract,residential,extractors/test_afs_amalgamated.py; sql_views/test_procurement_afs_national.py,no,"AUTO-SEEDED — set cadence + next_expected, then curated=yes"
afs_amalgamated:2024,Local Authority AFS 2024 (amalgamated),afs_amalgamated,source_registry,annual,365,,,afs_amalgamated_extract,residential,extractors/test_afs_amalgamated.py; sql_views/test_procurement_afs_national.py,no,"AUTO-SEEDED — set cadence + next_expected, then curated=yes"
api_canary:etenders,eTenders open data (data.gov.ie CKAN),api_canary,source_registry,review,0,,,pdf_endpoint_check,cloud,pdf_infra/test_endpoint_canaries.py,no,"AUTO-SEEDED — set cadence + next_expected, then curated=yes"
api_canary:lobbying,Lobbying Register API (api.lobbying.ie),api_canary,source_registry,review,0,,,pdf_endpoint_check,cloud,pdf_infra/test_endpoint_canaries.py,no,"AUTO-SEEDED — set cadence + next_expected, then curated=yes"
api_canary:oireachtas_api,Oireachtas API (api.oireachtas.ie),api_canary,source_registry,review,0,,,pdf_endpoint_check,cloud,pdf_infra/test_endpoint_canaries.py,no,"AUTO-SEEDED — set cadence + next_expected, then curated=yes"
api_canary:ted,TED EU notices search API,api_canary,source_registry,review,0,,,pdf_endpoint_check,cloud,pdf_infra/test_endpoint_canaries.py,no,"AUTO-SEEDED — set cadence + next_expected, then curated=yes"
api_canary:wikidata,Wikidata SPARQL,api_canary,source_registry,review,0,,,pdf_endpoint_check,cloud,pdf_infra/test_endpoint_canaries.py,no,"AUTO-SEEDED — set cadence + next_expected, then curated=yes"
file_sources:charities_register,Charities Public Register,file_sources,source_registry,biannual,180,,,charity_normalise,cloud,charity/test_charity_implausible_flag.py,yes,"AUTO-SEEDED — set cadence + next_expected, then curated=yes [curated build_source_registry MANUAL_SOURCES stale_after_days=180]"
file_sources:cro_companies,CRO bulk company register,file_sources,source_registry,weekly,7,,,cro_poller,cloud,corporate/test_cro_poller.py; utility/test_page_module_shadowing.py,yes,"AUTO-SEEDED — set cadence + next_expected, then curated=yes [curated corporate/cro_poller.py stale_after_days=7]"
file_sources:cro_financial_statements,CRO financial-statements filing index,file_sources,source_registry,biannual,200,,,cro_financial_statements_extract,cloud,extractors/test_cro_financial_statements.py,yes,"AUTO-SEEDED — set cadence + next_expected, then curated=yes [curated cro_financial_statements_extract.py stale_after_days=200]"
hse_tusla_payments:ie_hse,HSE,hse_tusla_payments,source_registry,monthly,30,,,procurement_hse_tusla_parser,cloud,extractors/test_hse_tusla_parser.py,no,"AUTO-SEEDED — set cadence + next_expected, then curated=yes"
hse_tusla_payments:ie_tusla,Tusla,hse_tusla_payments,source_registry,monthly,30,,,procurement_hse_tusla_parser,cloud,extractors/test_hse_tusla_parser.py,no,"AUTO-SEEDED — set cadence + next_expected, then curated=yes"
ipas_accommodation:cag_reports_index,"C&AG publications index (RoAPS chapters, special reports, appropriation accounts)",ipas_accommodation,source_registry,annual,400,,,pipeline_sandbox.new_sources,residential,siting/test_engine_calibration.py,yes,"AUTO-SEEDED — set cadence + next_expected, then curated=yes [curated extractors/ipas_sources.py stale_after_days=400]"
ipas_accommodation:hiqa_inspection_reports,HIQA — IPAS centre inspection reports,ipas_accommodation,source_registry,rolling,90,,,pipeline_sandbox.new_sources,cloud,siting/test_engine_calibration.py,yes,"AUTO-SEEDED — set cadence + next_expected, then curated=yes [curated extractors/ipas_sources.py stale_after_days=90]"
ipas_accommodation:igees_ipas_paper,IGEES — Managing IPAS Expenditure Pressures (analytical paper),ipas_accommodation,source_registry,episodic,0,,,pipeline_sandbox.new_sources,residential,siting/test_engine_calibration.py,yes,"AUTO-SEEDED — set cadence + next_expected, then curated=yes [curated extractors/ipas_sources.py one-off paper]"
ipas_accommodation:ipas_accommodation_strategy,Comprehensive Accommodation Strategy for International Protection Applicants,ipas_accommodation,source_registry,episodic,0,,,pipeline_sandbox.new_sources,residential,siting/test_engine_calibration.py,yes,"AUTO-SEEDED — set cadence + next_expected, then curated=yes [curated extractors/ipas_sources.py episodic]"
ipas_accommodation:ipas_national_standards,National Standards for accommodation offered to people in the protection process,ipas_accommodation,source_registry,rare,0,,,pipeline_sandbox.new_sources,residential,siting/test_engine_calibration.py,yes,"AUTO-SEEDED — set cadence + next_expected, then curated=yes [curated extractors/ipas_sources.py rare/hash-watch]"
ipas_accommodation:ipas_weekly_stats,IPAS weekly accommodation & arrivals statistics,ipas_accommodation,source_registry,weekly,21,,,pipeline_sandbox.new_sources,residential,siting/test_engine_calibration.py,yes,"AUTO-SEEDED — set cadence + next_expected, then curated=yes [curated extractors/ipas_sources.py stale_after_days=21]"
local_authority_afs:carlow,Carlow,local_authority_afs,source_registry,annual,365,,,la_afs_extract,cloud,extractors/test_la_afs.py,no,"AUTO-SEEDED — set cadence + next_expected, then curated=yes"
local_authority_afs:cavan,Cavan,local_authority_afs,source_registry,annual,365,,,la_afs_extract,cloud,extractors/test_la_afs.py,no,"AUTO-SEEDED — set cadence + next_expected, then curated=yes"
local_authority_afs:clare,Clare,local_authority_afs,source_registry,annual,365,,,la_afs_extract,cloud,extractors/test_la_afs.py,no,"AUTO-SEEDED — set cadence + next_expected, then curated=yes"
local_authority_afs:cork_city,Cork City,local_authority_afs,source_registry,annual,365,,,la_afs_extract,cloud,extractors/test_la_afs.py,no,"AUTO-SEEDED — set cadence + next_expected, then curated=yes"
local_authority_afs:cork_county,Cork County,local_authority_afs,source_registry,annual,365,,,la_afs_extract,cloud,extractors/test_la_afs.py,no,"AUTO-SEEDED — set cadence + next_expected, then curated=yes"
local_authority_afs:dlr,Dun Laoghaire-Rathdown,local_authority_afs,source_registry,annual,365,,,la_afs_extract,cloud,extractors/test_la_afs.py,no,"AUTO-SEEDED — set cadence + next_expected, then curated=yes"
local_authority_afs:donegal,Donegal,local_authority_afs,source_registry,annual,365,,,la_afs_extract,cloud,extractors/test_la_afs.py,no,"AUTO-SEEDED — set cadence + next_expected, then curated=yes"
local_authority_afs:dublin_city,Dublin City,local_authority_afs,source_registry,annual,365,,,la_afs_extract,cloud,extractors/test_la_afs.py,no,"AUTO-SEEDED — set cadence + next_expected, then curated=yes"
local_authority_afs:fingal,Fingal,local_authority_afs,source_registry,annual,365,,,la_afs_extract,cloud,extractors/test_la_afs.py,no,"AUTO-SEEDED — set cadence + next_expected, then curated=yes"
local_authority_afs:galway_city,Galway City,local_authority_afs,source_registry,annual,365,,,la_afs_extract,cloud,extractors/test_la_afs.py,no,"AUTO-SEEDED — set cadence + next_expected, then curated=yes"
local_authority_afs:galway_county,Galway County,local_authority_afs,source_registry,annual,365,,,la_afs_extract,cloud,extractors/test_la_afs.py,no,"AUTO-SEEDED — set cadence + next_expected, then curated=yes"
local_authority_afs:kerry,Kerry,local_authority_afs,source_registry,annual,365,,,la_afs_extract,cloud,extractors/test_la_afs.py,no,"AUTO-SEEDED — set cadence + next_expected, then curated=yes"
local_authority_afs:kildare,Kildare,local_authority_afs,source_registry,annual,365,,,la_afs_extract,cloud,extractors/test_la_afs.py,no,"AUTO-SEEDED — set cadence + next_expected, then curated=yes"
local_authority_afs:kilkenny,Kilkenny,local_authority_afs,source_registry,annual,365,,,la_afs_extract,cloud,extractors/test_la_afs.py,no,"AUTO-SEEDED — set cadence + next_expected, then curated=yes"
local_authority_afs:laois,Laois,local_authority_afs,source_registry,annual,365,,,la_afs_extract,cloud,extractors/test_la_afs.py,no,"AUTO-SEEDED — set cadence + next_expected, then curated=yes"
local_authority_afs:leitrim,Leitrim,local_authority_afs,source_registry,annual,365,,,la_afs_extract,cloud,extractors/test_la_afs.py,no,"AUTO-SEEDED — set cadence + next_expected, then curated=yes"
local_authority_afs:limerick,Limerick,local_authority_afs,source_registry,annual,365,,,la_afs_extract,cloud,extractors/test_la_afs.py,no,"AUTO-SEEDED — set cadence + next_expected, then curated=yes"
local_authority_afs:longford,Longford,local_authority_afs,source_registry,annual,365,,,la_afs_extract,cloud,extractors/test_la_afs.py,no,"AUTO-SEEDED — set cadence + next_expected, then curated=yes"
local_authority_afs:louth,Louth,local_authority_afs,source_registry,annual,365,,,la_afs_extract,cloud,extractors/test_la_afs.py,no,"AUTO-SEEDED — set cadence + next_expected, then curated=yes"
local_authority_afs:mayo,Mayo,local_authority_afs,source_registry,annual,365,,,la_afs_extract,cloud,extractors/test_la_afs.py,no,"AUTO-SEEDED — set cadence + next_expected, then curated=yes"
local_authority_afs:meath,Meath,local_authority_afs,source_registry,annual,365,,,la_afs_extract,cloud,extractors/test_la_afs.py,no,"AUTO-SEEDED — set cadence + next_expected, then curated=yes"
local_authority_afs:monaghan,Monaghan,local_authority_afs,source_registry,annual,365,,,la_afs_extract,cloud,extractors/test_la_afs.py,no,"AUTO-SEEDED — set cadence + next_expected, then curated=yes"
local_authority_afs:offaly,Offaly,local_authority_afs,source_registry,annual,365,,,la_afs_extract,cloud,extractors/test_la_afs.py,no,"AUTO-SEEDED — set cadence + next_expected, then curated=yes"
local_authority_afs:roscommon,Roscommon,local_authority_afs,source_registry,annual,365,,,la_afs_extract,cloud,extractors/test_la_afs.py,no,"AUTO-SEEDED — set cadence + next_expected, then curated=yes"
local_authority_afs:sligo,Sligo,local_authority_afs,source_registry,annual,365,,,la_afs_extract,cloud,extractors/test_la_afs.py,no,"AUTO-SEEDED — set cadence + next_expected, then curated=yes"
local_authority_afs:south_dublin,South Dublin,local_authority_afs,source_registry,annual,365,,,la_afs_extract,cloud,extractors/test_la_afs.py,no,"AUTO-SEEDED — set cadence + next_expected, then curated=yes"
local_authority_afs:tipperary,Tipperary,local_authority_afs,source_registry,annual,365,,,la_afs_extract,cloud,extractors/test_la_afs.py,no,"AUTO-SEEDED — set cadence + next_expected, then curated=yes"
local_authority_afs:waterford,Waterford,local_authority_afs,source_registry,annual,365,,,la_afs_extract,cloud,extractors/test_la_afs.py,no,"AUTO-SEEDED — set cadence + next_expected, then curated=yes"
local_authority_afs:westmeath,Westmeath,local_authority_afs,source_registry,annual,365,,,la_afs_extract,cloud,extractors/test_la_afs.py,no,"AUTO-SEEDED — set cadence + next_expected, then curated=yes"
local_authority_afs:wexford,Wexford,local_authority_afs,source_registry,annual,365,,,la_afs_extract,cloud,extractors/test_la_afs.py,no,"AUTO-SEEDED — set cadence + next_expected, then curated=yes"
local_authority_afs:wicklow,Wicklow,local_authority_afs,source_registry,annual,365,,,la_afs_extract,cloud,extractors/test_la_afs.py,no,"AUTO-SEEDED — set cadence + next_expected, then curated=yes"
local_authority_payments:carlow,Carlow,local_authority_payments,source_registry,monthly,30,,,procurement_la_payments_extract,cloud,extractors/test_la_payments.py; extractors/test_procurement_period_from_url.py,no,"AUTO-SEEDED — set cadence + next_expected, then curated=yes"
local_authority_payments:cavan,Cavan,local_authority_payments,source_registry,monthly,30,,,procurement_la_payments_extract,cloud,extractors/test_la_payments.py; extractors/test_procurement_period_from_url.py,no,"AUTO-SEEDED — set cadence + next_expected, then curated=yes"
local_authority_payments:clare,Clare,local_authority_payments,source_registry,monthly,30,,,procurement_la_payments_extract,cloud,extractors/test_la_payments.py; extractors/test_procurement_period_from_url.py,no,"AUTO-SEEDED — set cadence + next_expected, then curated=yes"
local_authority_payments:cork_city,Cork City,local_authority_payments,source_registry,monthly,30,,,procurement_la_payments_extract,cloud,extractors/test_la_payments.py; extractors/test_procurement_period_from_url.py,no,"AUTO-SEEDED — set cadence + next_expected, then curated=yes"
local_authority_payments:cork_county,Cork County,local_authority_payments,source_registry,monthly,30,,,procurement_la_payments_extract,cloud,extractors/test_la_payments.py; extractors/test_procurement_period_from_url.py,no,"AUTO-SEEDED — set cadence + next_expected, then curated=yes"
local_authority_payments:dlr,Dún Laoghaire-Rathdown,local_authority_payments,source_registry,monthly,30,,,procurement_la_payments_extract,cloud,extractors/test_la_payments.py; extractors/test_procurement_period_from_url.py,no,"AUTO-SEEDED — set cadence + next_expected, then curated=yes"
local_authority_payments:donegal,Donegal,local_authority_payments,source_registry,monthly,30,,,procurement_la_payments_extract,cloud,extractors/test_la_payments.py; extractors/test_procurement_period_from_url.py,no,"AUTO-SEEDED — set cadence + next_expected, then curated=yes"
local_authority_payments:dublin_city,Dublin City,local_authority_payments,source_registry,monthly,30,,,procurement_la_payments_extract,cloud,extractors/test_la_payments.py; extractors/test_procurement_period_from_url.py,no,"AUTO-SEEDED — set cadence + next_expected, then curated=yes"
local_authority_payments:fingal,Fingal,local_authority_payments,source_registry,monthly,30,,,procurement_la_payments_extract,cloud,extractors/test_la_payments.py; extractors/test_procurement_period_from_url.py,no,"AUTO-SEEDED — set cadence + next_expected, then curated=yes"
local_authority_payments:galway_city,Galway City,local_authority_payments,source_registry,monthly,30,,,procurement_la_payments_extract,cloud,extractors/test_la_payments.py; extractors/test_procurement_period_from_url.py,no,"AUTO-SEEDED — set cadence + next_expected, then curated=yes"
local_authority_payments:galway_county,Galway County,local_authority_payments,source_registry,monthly,30,,,procurement_la_payments_extract,cloud,extractors/test_la_payments.py; extractors/test_procurement_period_from_url.py,no,"AUTO-SEEDED — set cadence + next_expected, then curated=yes"
local_authority_payments:kerry,Kerry,local_authority_payments,source_registry,monthly,30,,,procurement_la_payments_extract,cloud,extractors/test_la_payments.py; extractors/test_procurement_period_from_url.py,no,"AUTO-SEEDED — set cadence + next_expected, then curated=yes"
local_authority_payments:kildare,Kildare,local_authority_payments,source_registry,monthly,30,,,procurement_la_payments_extract,cloud,extractors/test_la_payments.py; extractors/test_procurement_period_from_url.py,no,"AUTO-SEEDED — set cadence + next_expected, then curated=yes"
local_authority_payments:kilkenny,Kilkenny,local_authority_payments,source_registry,monthly,30,,,procurement_la_payments_extract,cloud,extractors/test_la_payments.py; extractors/test_procurement_period_from_url.py,no,"AUTO-SEEDED — set cadence + next_expected, then curated=yes"
local_authority_payments:laois,Laois,local_authority_payments,source_registry,monthly,30,,,procurement_la_payments_extract,cloud,extractors/test_la_payments.py; extractors/test_procurement_period_from_url.py,no,"AUTO-SEEDED — set cadence + next_expected, then curated=yes"
local_authority_payments:leitrim,Leitrim,local_authority_payments,source_registry,monthly,30,,,procurement_la_payments_extract,cloud,extractors/test_la_payments.py; extractors/test_procurement_period_from_url.py,no,"AUTO-SEEDED — set cadence + next_expected, then curated=yes"
local_authority_payments:limerick,Limerick,local_authority_payments,source_registry,monthly,30,,,procurement_la_payments_extract,cloud,extractors/test_la_payments.py; extractors/test_procurement_period_from_url.py,no,"AUTO-SEEDED — set cadence + next_expected, then curated=yes"
local_authority_payments:longford,Longford,local_authority_payments,source_registry,monthly,30,,,procurement_la_payments_extract,cloud,extractors/test_la_payments.py; extractors/test_procurement_period_from_url.py,no,"AUTO-SEEDED — set cadence + next_expected, then curated=yes"
local_authority_payments:mayo,Mayo,local_authority_payments,source_registry,monthly,30,,,procurement_la_payments_extract,cloud,extractors/test_la_payments.py; extractors/test_procurement_period_from_url.py,no,"AUTO-SEEDED — set cadence + next_expected, then curated=yes"
local_authority_payments:meath,Meath,local_authority_payments,source_registry,monthly,30,,,procurement_la_payments_extract,cloud,extractors/test_la_payments.py; extractors/test_procurement_period_from_url.py,no,"AUTO-SEEDED — set cadence + next_expected, then curated=yes"
local_authority_payments:monaghan,Monaghan,local_authority_payments,source_registry,monthly,30,,,procurement_la_payments_extract,cloud,extractors/test_la_payments.py; extractors/test_procurement_period_from_url.py,no,"AUTO-SEEDED — set cadence + next_expected, then curated=yes"
local_authority_payments:offaly,Offaly,local_authority_payments,source_registry,monthly,30,,,procurement_la_payments_extract,cloud,extractors/test_la_payments.py; extractors/test_procurement_period_from_url.py,no,"AUTO-SEEDED — set cadence + next_expected, then curated=yes"
local_authority_payments:roscommon,Roscommon,local_authority_payments,source_registry,monthly,30,,,procurement_la_payments_extract,cloud,extractors/test_la_payments.py; extractors/test_procurement_period_from_url.py,no,"AUTO-SEEDED — set cadence + next_expected, then curated=yes"
local_authority_payments:sligo,Sligo,local_authority_payments,source_registry,monthly,30,,,procurement_la_payments_extract,cloud,extractors/test_la_payments.py; extractors/test_procurement_period_from_url.py,no,"AUTO-SEEDED — set cadence + next_expected, then curated=yes"
local_authority_payments:south_dublin,South Dublin,local_authority_payments,source_registry,monthly,30,,,procurement_la_payments_extract,cloud,extractors/test_la_payments.py; extractors/test_procurement_period_from_url.py,no,"AUTO-SEEDED — set cadence + next_expected, then curated=yes"
local_authority_payments:waterford,Waterford,local_authority_payments,source_registry,monthly,30,,,procurement_la_payments_extract,cloud,extractors/test_la_payments.py; extractors/test_procurement_period_from_url.py,no,"AUTO-SEEDED — set cadence + next_expected, then curated=yes"
local_authority_payments:westmeath,Westmeath,local_authority_payments,source_registry,monthly,30,,,procurement_la_payments_extract,cloud,extractors/test_la_payments.py; extractors/test_procurement_period_from_url.py,no,"AUTO-SEEDED — set cadence + next_expected, then curated=yes"
local_authority_payments:wexford,Wexford,local_authority_payments,source_registry,monthly,30,,,procurement_la_payments_extract,cloud,extractors/test_la_payments.py; extractors/test_procurement_period_from_url.py,no,"AUTO-SEEDED — set cadence + next_expected, then curated=yes"
local_authority_payments:wicklow,Wicklow,local_authority_payments,source_registry,monthly,30,,,procurement_la_payments_extract,cloud,extractors/test_la_payments.py; extractors/test_procurement_period_from_url.py,no,"AUTO-SEEDED — set cadence + next_expected, then curated=yes"
oireachtas_pdfs:attendance,attendance,oireachtas_pdfs,source_registry,daily,1,,,oireachtas_pdf_poller,cloud,pdf_infra/test_oireachtas_pdf_poller.py,no,"AUTO-SEEDED — set cadence + next_expected, then curated=yes"
oireachtas_pdfs:attendance_seanad,attendance_seanad,oireachtas_pdfs,source_registry,daily,1,,,oireachtas_pdf_poller,cloud,pdf_infra/test_oireachtas_pdf_poller.py,no,"AUTO-SEEDED — set cadence + next_expected, then curated=yes"
oireachtas_pdfs:interests,interests,oireachtas_pdfs,source_registry,daily,1,,,oireachtas_pdf_poller,cloud,pdf_infra/test_oireachtas_pdf_poller.py,no,"AUTO-SEEDED — set cadence + next_expected, then curated=yes"
oireachtas_pdfs:payments,payments,oireachtas_pdfs,source_registry,daily,1,,,oireachtas_pdf_poller,cloud,pdf_infra/test_oireachtas_pdf_poller.py,no,"AUTO-SEEDED — set cadence + next_expected, then curated=yes"
oireachtas_pdfs:payments_seanad,payments_seanad,oireachtas_pdfs,source_registry,daily,1,,,oireachtas_pdf_poller,cloud,pdf_infra/test_oireachtas_pdf_poller.py,no,"AUTO-SEEDED — set cadence + next_expected, then curated=yes"
public_body_payments:dept_agriculture,"Department of Agriculture, Food and the Marine",public_body_payments,source_registry,monthly,30,,,procurement_public_body_extract,residential,extractors/test_procurement_period_from_url.py; extractors/test_public_body_emit_rows.py; extractors/test_public_body_extract.py; extractors/test_public_body_payments_privacy.py,no,"AUTO-SEEDED — set cadence + next_expected, then curated=yes"
public_body_payments:dept_children,"Department of Children, Disability and Equality",public_body_payments,source_registry,monthly,30,,,procurement_public_body_extract,residential,extractors/test_procurement_period_from_url.py; extractors/test_public_body_emit_rows.py; extractors/test_public_body_extract.py; extractors/test_public_body_payments_privacy.py,no,"AUTO-SEEDED — set cadence + next_expected, then curated=yes"
public_body_payments:dept_climate,"Dept of Climate, Energy and the Environment",public_body_payments,source_registry,monthly,30,,,procurement_public_body_extract,residential,extractors/test_procurement_period_from_url.py; extractors/test_public_body_emit_rows.py; extractors/test_public_body_extract.py; extractors/test_public_body_payments_privacy.py,no,"AUTO-SEEDED — set cadence + next_expected, then curated=yes"
public_body_payments:dept_culture,"Department of Culture, Communications and Sport",public_body_payments,source_registry,monthly,30,,,procurement_public_body_extract,residential,extractors/test_procurement_period_from_url.py; extractors/test_public_body_emit_rows.py; extractors/test_public_body_extract.py; extractors/test_public_body_payments_privacy.py,no,"AUTO-SEEDED — set cadence + next_expected, then curated=yes"
public_body_payments:dept_defence,Department of Defence,public_body_payments,source_registry,monthly,30,,,procurement_public_body_extract,residential,extractors/test_procurement_period_from_url.py; extractors/test_public_body_emit_rows.py; extractors/test_public_body_extract.py; extractors/test_public_body_payments_privacy.py,no,"AUTO-SEEDED — set cadence + next_expected, then curated=yes"
public_body_payments:dept_dper,"Dept of Public Expenditure, Infrastructure, PSR and Digitalisation",public_body_payments,source_registry,monthly,30,,,procurement_public_body_extract,residential,extractors/test_procurement_period_from_url.py; extractors/test_public_body_emit_rows.py; extractors/test_public_body_extract.py; extractors/test_public_body_payments_privacy.py,no,"AUTO-SEEDED — set cadence + next_expected, then curated=yes"
public_body_payments:dept_education,Department of Education and Youth,public_body_payments,source_registry,monthly,30,,,procurement_public_body_extract,residential,extractors/test_procurement_period_from_url.py; extractors/test_public_body_emit_rows.py; extractors/test_public_body_extract.py; extractors/test_public_body_payments_privacy.py,no,"AUTO-SEEDED — set cadence + next_expected, then curated=yes"
public_body_payments:dept_enterprise,"Department of Enterprise, Tourism and Employment",public_body_payments,source_registry,monthly,30,,,procurement_public_body_extract,residential,extractors/test_procurement_period_from_url.py; extractors/test_public_body_emit_rows.py; extractors/test_public_body_extract.py; extractors/test_public_body_payments_privacy.py,no,"AUTO-SEEDED — set cadence + next_expected, then curated=yes"
public_body_payments:dept_finance,Department of Finance,public_body_payments,source_registry,monthly,30,,,procurement_public_body_extract,residential,extractors/test_procurement_period_from_url.py; extractors/test_public_body_emit_rows.py; extractors/test_public_body_extract.py; extractors/test_public_body_payments_privacy.py,no,"AUTO-SEEDED — set cadence + next_expected, then curated=yes"
public_body_payments:dept_health,Department of Health,public_body_payments,source_registry,monthly,30,,,procurement_public_body_extract,residential,extractors/test_procurement_period_from_url.py; extractors/test_public_body_emit_rows.py; extractors/test_public_body_extract.py; extractors/test_public_body_payments_privacy.py,no,"AUTO-SEEDED — set cadence + next_expected, then curated=yes"
public_body_payments:dept_housing,"Department of Housing, Local Government and Heritage",public_body_payments,source_registry,monthly,30,,,procurement_public_body_extract,residential,extractors/test_procurement_period_from_url.py; extractors/test_public_body_emit_rows.py; extractors/test_public_body_extract.py; extractors/test_public_body_payments_privacy.py,no,"AUTO-SEEDED — set cadence + next_expected, then curated=yes"
public_body_payments:dept_social_protection,Department of Social Protection,public_body_payments,source_registry,monthly,30,,,procurement_public_body_extract,residential,extractors/test_procurement_period_from_url.py; extractors/test_public_body_emit_rows.py; extractors/test_public_body_extract.py; extractors/test_public_body_payments_privacy.py,no,"AUTO-SEEDED — set cadence + next_expected, then curated=yes"
public_body_payments:ie_atu,Atlantic Technological University,public_body_payments,source_registry,monthly,30,,,procurement_public_body_extract,cloud,extractors/test_procurement_period_from_url.py; extractors/test_public_body_emit_rows.py; extractors/test_public_body_extract.py; extractors/test_public_body_payments_privacy.py,no,"AUTO-SEEDED — set cadence + next_expected, then curated=yes"
public_body_payments:ie_beaumont,Beaumont Hospital,public_body_payments,source_registry,monthly,30,,,procurement_public_body_extract,cloud,extractors/test_procurement_period_from_url.py; extractors/test_public_body_emit_rows.py; extractors/test_public_body_extract.py; extractors/test_public_body_payments_privacy.py,no,"AUTO-SEEDED — set cadence + next_expected, then curated=yes"
public_body_payments:ie_bim,Bord Iascaigh Mhara (BIM),public_body_payments,source_registry,monthly,30,,,procurement_public_body_extract,cloud,extractors/test_procurement_period_from_url.py; extractors/test_public_body_emit_rows.py; extractors/test_public_body_extract.py; extractors/test_public_body_payments_privacy.py,no,"AUTO-SEEDED — set cadence + next_expected, then curated=yes"
public_body_payments:ie_bordbia,Bord Bia,public_body_payments,source_registry,monthly,30,,,procurement_public_body_extract,cloud,extractors/test_procurement_period_from_url.py; extractors/test_public_body_emit_rows.py; extractors/test_public_body_extract.py; extractors/test_public_body_payments_privacy.py,no,"AUTO-SEEDED — set cadence + next_expected, then curated=yes"
public_body_payments:ie_ccpc,Competition and Consumer Protection Commission (CCPC),public_body_payments,source_registry,monthly,30,,,procurement_public_body_extract,cloud,extractors/test_procurement_period_from_url.py; extractors/test_public_body_emit_rows.py; extractors/test_public_body_extract.py; extractors/test_public_body_payments_privacy.py,no,"AUTO-SEEDED — set cadence + next_expected, then curated=yes"
public_body_payments:ie_cdetb,City of Dublin ETB,public_body_payments,source_registry,monthly,30,,,procurement_public_body_extract,cloud,extractors/test_procurement_period_from_url.py; extractors/test_public_body_emit_rows.py; extractors/test_public_body_extract.py; extractors/test_public_body_payments_privacy.py,no,"AUTO-SEEDED — set cadence + next_expected, then curated=yes"
public_body_payments:ie_chi,Children's Health Ireland (CHI),public_body_payments,source_registry,monthly,30,,,procurement_public_body_extract,cloud,extractors/test_procurement_period_from_url.py; extractors/test_public_body_emit_rows.py; extractors/test_public_body_extract.py; extractors/test_public_body_payments_privacy.py,no,"AUTO-SEEDED — set cadence + next_expected, then curated=yes"
public_body_payments:ie_cib,Citizens Information Board,public_body_payments,source_registry,monthly,30,,,procurement_public_body_extract,cloud,extractors/test_procurement_period_from_url.py; extractors/test_public_body_emit_rows.py; extractors/test_public_body_extract.py; extractors/test_public_body_payments_privacy.py,no,"AUTO-SEEDED — set cadence + next_expected, then curated=yes"
public_body_payments:ie_cnam,Coimisiún na Meán,public_body_payments,source_registry,monthly,30,,,procurement_public_body_extract,cloud,extractors/test_procurement_period_from_url.py; extractors/test_public_body_emit_rows.py; extractors/test_public_body_extract.py; extractors/test_public_body_payments_privacy.py,no,"AUTO-SEEDED — set cadence + next_expected, then curated=yes"
public_body_payments:ie_courts,Courts Service of Ireland,public_body_payments,source_registry,monthly,30,,,procurement_public_body_extract,cloud,extractors/test_procurement_period_from_url.py; extractors/test_public_body_emit_rows.py; extractors/test_public_body_extract.py; extractors/test_public_body_payments_privacy.py,no,"AUTO-SEEDED — set cadence + next_expected, then curated=yes"
public_body_payments:ie_enterprise_ireland,Enterprise Ireland,public_body_payments,source_registry,monthly,30,,,procurement_public_body_extract,cloud,extractors/test_procurement_period_from_url.py; extractors/test_public_body_emit_rows.py; extractors/test_public_body_extract.py; extractors/test_public_body_payments_privacy.py,no,"AUTO-SEEDED — set cadence + next_expected, then curated=yes"
public_body_payments:ie_esbnetworks,ESB Networks DAC,public_body_payments,source_registry,monthly,30,,,procurement_public_body_extract,cloud,extractors/test_procurement_period_from_url.py; extractors/test_public_body_emit_rows.py; extractors/test_public_body_extract.py; extractors/test_public_body_payments_privacy.py,no,"AUTO-SEEDED — set cadence + next_expected, then curated=yes"
public_body_payments:ie_hea,Higher Education Authority,public_body_payments,source_registry,monthly,30,,,procurement_public_body_extract,cloud,extractors/test_procurement_period_from_url.py; extractors/test_public_body_emit_rows.py; extractors/test_public_body_extract.py; extractors/test_public_body_payments_privacy.py,no,"AUTO-SEEDED — set cadence + next_expected, then curated=yes"
public_body_payments:ie_hpra,Health Products Regulatory Authority (HPRA),public_body_payments,source_registry,monthly,30,,,procurement_public_body_extract,cloud,extractors/test_procurement_period_from_url.py; extractors/test_public_body_emit_rows.py; extractors/test_public_body_extract.py; extractors/test_public_body_payments_privacy.py,no,"AUTO-SEEDED — set cadence + next_expected, then curated=yes"
public_body_payments:ie_hsa,Health and Safety Authority,public_body_payments,source_registry,monthly,30,,,procurement_public_body_extract,cloud,extractors/test_procurement_period_from_url.py; extractors/test_public_body_emit_rows.py; extractors/test_public_body_extract.py; extractors/test_public_body_payments_privacy.py,no,"AUTO-SEEDED — set cadence + next_expected, then curated=yes"
public_body_payments:ie_loetb,Laois & Offaly ETB,public_body_payments,source_registry,monthly,30,,,procurement_public_body_extract,cloud,extractors/test_procurement_period_from_url.py; extractors/test_public_body_emit_rows.py; extractors/test_public_body_extract.py; extractors/test_public_body_payments_privacy.py,no,"AUTO-SEEDED — set cadence + next_expected, then curated=yes"
public_body_payments:ie_marine,Marine Institute,public_body_payments,source_registry,monthly,30,,,procurement_public_body_extract,cloud,extractors/test_procurement_period_from_url.py; extractors/test_public_body_emit_rows.py; extractors/test_public_body_extract.py; extractors/test_public_body_payments_privacy.py,no,"AUTO-SEEDED — set cadence + next_expected, then curated=yes"
public_body_payments:ie_mtu,Munster Technological University (MTU),public_body_payments,source_registry,monthly,30,,,procurement_public_body_extract,cloud,extractors/test_procurement_period_from_url.py; extractors/test_public_body_emit_rows.py; extractors/test_public_body_extract.py; extractors/test_public_body_payments_privacy.py,no,"AUTO-SEEDED — set cadence + next_expected, then curated=yes"
public_body_payments:ie_nli,National Library of Ireland,public_body_payments,source_registry,monthly,30,,,procurement_public_body_extract,cloud,extractors/test_procurement_period_from_url.py; extractors/test_public_body_emit_rows.py; extractors/test_public_body_extract.py; extractors/test_public_body_payments_privacy.py,no,"AUTO-SEEDED — set cadence + next_expected, then curated=yes"
public_body_payments:ie_ntma,National Treasury Management Agency (NTMA),public_body_payments,source_registry,monthly,30,,,procurement_public_body_extract,cloud,extractors/test_procurement_period_from_url.py; extractors/test_public_body_emit_rows.py; extractors/test_public_body_extract.py; extractors/test_public_body_payments_privacy.py,no,"AUTO-SEEDED — set cadence + next_expected, then curated=yes"
public_body_payments:ie_opw,Office of Public Works,public_body_payments,source_registry,monthly,30,,,procurement_public_body_extract,residential,extractors/test_procurement_period_from_url.py; extractors/test_public_body_emit_rows.py; extractors/test_public_body_extract.py; extractors/test_public_body_payments_privacy.py,no,"AUTO-SEEDED — set cadence + next_expected, then curated=yes"
public_body_payments:ie_pobal,Pobal,public_body_payments,source_registry,monthly,30,,,procurement_public_body_extract,cloud,extractors/test_procurement_period_from_url.py; extractors/test_public_body_emit_rows.py; extractors/test_public_body_extract.py; extractors/test_public_body_payments_privacy.py,no,"AUTO-SEEDED — set cadence + next_expected, then curated=yes"
public_body_payments:ie_prisons,Irish Prison Service,public_body_payments,source_registry,monthly,30,,,procurement_public_body_extract,cloud,extractors/test_procurement_period_from_url.py; extractors/test_public_body_emit_rows.py; extractors/test_public_body_extract.py; extractors/test_public_body_payments_privacy.py,no,"AUTO-SEEDED — set cadence + next_expected, then curated=yes"
public_body_payments:ie_revenue,Revenue Commissioners,public_body_payments,source_registry,monthly,30,,,procurement_public_body_extract,cloud,extractors/test_procurement_period_from_url.py; extractors/test_public_body_emit_rows.py; extractors/test_public_body_extract.py; extractors/test_public_body_payments_privacy.py,no,"AUTO-SEEDED — set cadence + next_expected, then curated=yes"
public_body_payments:ie_screen,Screen Ireland,public_body_payments,source_registry,monthly,30,,,procurement_public_body_extract,cloud,extractors/test_procurement_period_from_url.py; extractors/test_public_body_emit_rows.py; extractors/test_public_body_extract.py; extractors/test_public_body_payments_privacy.py,no,"AUTO-SEEDED — set cadence + next_expected, then curated=yes"
public_body_payments:ie_sportireland,Sport Ireland,public_body_payments,source_registry,monthly,30,,,procurement_public_body_extract,cloud,extractors/test_procurement_period_from_url.py; extractors/test_public_body_emit_rows.py; extractors/test_public_body_extract.py; extractors/test_public_body_payments_privacy.py,no,"AUTO-SEEDED — set cadence + next_expected, then curated=yes"
public_body_payments:ie_tailte,Tailte Éireann,public_body_payments,source_registry,monthly,30,,,procurement_public_body_extract,cloud,extractors/test_procurement_period_from_url.py; extractors/test_public_body_emit_rows.py; extractors/test_public_body_extract.py; extractors/test_public_body_payments_privacy.py,no,"AUTO-SEEDED — set cadence + next_expected, then curated=yes"
public_body_payments:ie_teagasc,Teagasc,public_body_payments,source_registry,monthly,30,,,procurement_public_body_extract,cloud,extractors/test_procurement_period_from_url.py; extractors/test_public_body_emit_rows.py; extractors/test_public_body_extract.py; extractors/test_public_body_payments_privacy.py,no,"AUTO-SEEDED — set cadence + next_expected, then curated=yes"
public_body_payments:ie_tii,Transport Infrastructure Ireland,public_body_payments,source_registry,monthly,30,,,procurement_public_body_extract,cloud,extractors/test_procurement_period_from_url.py; extractors/test_public_body_emit_rows.py; extractors/test_public_body_extract.py; extractors/test_public_body_payments_privacy.py,no,"AUTO-SEEDED — set cadence + next_expected, then curated=yes"
public_body_payments:ie_tudublin,Technological University Dublin,public_body_payments,source_registry,monthly,30,,,procurement_public_body_extract,cloud,extractors/test_procurement_period_from_url.py; extractors/test_public_body_emit_rows.py; extractors/test_public_body_extract.py; extractors/test_public_body_payments_privacy.py,no,"AUTO-SEEDED — set cadence + next_expected, then curated=yes"
public_body_payments:ie_tus,Technological University of the Shannon (TUS),public_body_payments,source_registry,monthly,30,,,procurement_public_body_extract,cloud,extractors/test_procurement_period_from_url.py; extractors/test_public_body_emit_rows.py; extractors/test_public_body_extract.py; extractors/test_public_body_payments_privacy.py,no,"AUTO-SEEDED — set cadence + next_expected, then curated=yes"
stateboards:register,Membership of State Boards (DPER register),stateboards,source_registry,monthly,60,,,stateboards_roster_extract,cloud,extractors/test_stateboards_roster_extract.py,yes,"AUTO-SEEDED — set cadence + next_expected, then curated=yes [curated stateboards_roster_extract stale_after_days=60]"
